Simon #3 cutout,Simon #6 cutout,Simon #14 cutout,Simon #16 cutout,Simon #18 cutout,Simon #19 cutout,Simon #20 cutout,Simon #22 cutout,Simon #32 cutout,Simon #33 cutout,Simon #34 cutout,Simon #38 cutout,Simon #41 cutout,Simon #43 cutout,Simon #57 cutout,Simon #58 cutout,Simon #70 cutout,Simon #73 cutout,Simon #82 cutout,Simon #83 cutout,Simon #104 cutout,Simon #106 cutout,Simon #109 cutout,Simon #112 cutout,P2,P3,P4,P5_2,P6,P7,P8,P10,P12_1,P12_2,P13,P14_1,P14_2,P15_1,P15_2,P17,P18,P19,P20,P21,P22,P23,P24,P25,P26,P27,P28,P30,P31_1,P31_2,P32,P33,P34_1,P34_2,P34_3,P35_1,P35_2,P35_3,P36_1,P36_2,P37_1,P37_3,P37_4,P38_1,P38_2,P38_3,P40,P41,P42,P45,P46,P53
-0.3,-2.6,1.72,0.94,-3,-3.1,-1,0.95,-2.2,-2.92,-1.8,-1.15,1.55,1,-1.93,-2.26,-1.1,0.7,2.84,-1,-1.3,-0.28,-2.89,-1.64,-1.15,-4,-3.5,-1.9,-3.77,-2.26,1,-2.73,-2.4,-4.12,-1.96,-5.73,-2.2,3.81,-3.7,-2,-2.4,-0.4,3.8,0,-0.7,0.94,-3.59,1.73,-0.1,-0.6,-1.4,-1.34,-2.1,-4.3,-4.05,0.94,-2.2,-2,1.55,-1.22,-3,-1.93,-2.1,-1.3,-1.7,-3.5,-0.6,-1.2,-1.3,-2.09,-3.1,-1.1,2.25,-0.1,-0.3,2.9
-0.25,-2.55,-0.39,-0.13,-2.95,-3.05,-0.98,-0.81,-2.15,-2.06,-1.75,-1.17,0.32,1.05,-1.93,-2.26,-1.05,0.75,2.84,-0.95,-1.25,-1.63,-2.89,-1.84,-1.17,-3.5,-2.65,-1.85,-4.14,-2.26,1.05,-2.67,-2.35,-3.64,-2,-5.73,-2.15,3.79,-3.65,-1.95,-2.35,-0.35,3.93,0.05,-0.65,-1.27,-3.59,2.23,-0.05,-0.55,-1.35,0.67,-2.05,-4.25,-1.74,-0.13,-2.15,-1.95,0.32,-0.41,-2.95,-1.93,-2.05,-1.25,-1.65,-3.45,-0.55,-1.15,-1.25,-2.23,-3.05,-1.05,3.31,-0.05,-0.25,2.88
0.75,0.35,-0.4,-0.95,-0.65,2.95,-0.96,-2.87,-1.65,-1.08,-0.65,-1.18,-1,1.75,-1.91,-2.43,1.25,2.15,2.84,0.45,1.55,-2.51,-2.89,-1.86,-1.18,-2.84,-1.22,-1.15,-4.23,-2.43,1.45,-2.64,-0.95,-2.65,-2.76,-5.68,0.95,3.75,-2.15,1.05,1.35,0.55,3.72,2.05,0.65,-3.11,-3.59,2.42,1.25,1.75,1.95,1.89,3.15,-1.05,2.78,-0.95,-1.65,2.85,-1,0.51,-0.65,-1.91,3.15,1.55,1.75,0.35,1.35,1.75,1.55,-2.3,2.95,1.05,4.34,1.15,0.75,2.88
1.05,0.6,-0.4,-1.64,-0.55,3.05,-0.93,-4.39,-1.55,0.1,-0.55,-1.18,-1.1,1.95,-1.91,-2.46,1.35,2.25,2.76,0.55,1.9,-2.89,-2.8,-1.73,-1.18,-2.03,1.22,-1.05,-4.03,-2.46,1.6,-2.62,-0.85,-1.86,-2.85,-5.68,1.05,3.64,-2.05,1.15,1.45,0.95,3.38,2.3,0.75,-4.24,-3.59,1.77,1.35,1.85,2.05,1.9,3.25,-0.8,4.87,-1.64,-1.55,2.95,-1.1,1.13,-0.55,-1.91,3.25,1.9,2,0.45,1.45,1.85,1.8,-2.37,3.05,1.15,5.07,1.25,1.05,2.85
1.15,0.6,-0.45,-2.43,-0.45,3.15,-0.91,-5.07,-1.45,1.33,-0.15,-1.2,-1.1,2.45,-1.9,-2.46,1.45,2.35,2.72,0.65,1.9,-3.8,-2.36,-1.39,-1.2,-1.52,2.45,-0.75,-3.77,-2.46,1.6,-2.6,1.85,-1.07,-3.13,-5.62,1.15,3.62,-1.95,1.25,1.55,1.35,3.01,2.3,1.45,-5.17,-3.59,0.96,2.45,1.95,2.15,2,3.35,-0.8,5.02,-2.43,-1.45,3.05,-1.1,2.19,-0.45,-1.9,3.35,1.9,2,0.55,1.95,1.95,1.8,-2.44,3.15,1.25,5.24,1.85,1.15,2.85
1.35,0.65,-1.15,-3.01,-0.1,3.55,-0.89,-5,-1.35,1.91,0.05,-1.2,-1.23,2.7,-1.88,-2.46,1.85,2.45,2.68,1.5,1.95,-4.3,-1.61,-0.95,-1.2,-0.81,3.4,-0.65,-3.31,-2.46,1.65,-2.56,1.95,-0.24,-3.13,-5.62,1.55,3.52,-1.5,1.65,1.95,1.95,2.76,2.35,1.7,-5.51,-3.55,0.77,2.55,2.35,2.55,2,3.7,-0.75,5.59,-3.01,-1.35,3.4,-1.23,2.95,-0.1,-1.88,3.7,1.95,2.05,0.7,2.2,2.2,1.85,-2.44,3.55,1.55,5.24,1.95,1.35,2.82
1.45,1.05,-1.4,-3.32,-0.1,3.85,-0.84,-4.73,-1.25,2.51,0.25,-1.23,-1.23,2.7,-1.86,-2.46,2.35,3.15,2.65,1.5,2.05,-4.35,-1.24,-0.29,-1.23,0.1,3.7,-0.35,-2.23,-2.46,2.15,-2.53,2.65,1.51,-3.16,-5.57,2.85,3.51,-1.5,2.45,2.55,2.25,1.92,3.15,1.7,-5.59,-3.55,-0.4,2.65,2.85,3.05,2.1,3.7,-0.15,5.44,-3.32,-1.25,3.4,-1.23,3.65,-0.1,-1.86,3.7,2.05,2.85,0.7,2.2,2.2,1.95,-2.51,3.85,1.95,4.58,2.05,1.45,2.79
1.85,1.3,-1.4,-3.39,-0.05,3.95,-0.82,-3.95,-1.05,2.61,0.65,-1.24,-1.32,2.75,-1.85,-2.49,2.45,3.25,2.61,1.6,2.3,-4.4,-1.22,0.15,-1.24,0.66,2.85,-0.25,-1.5,-2.49,2.25,-2.49,2.75,3.05,-3.16,-5.57,2.95,3.49,-1.35,2.55,2.65,3.3,1.25,3.4,1.75,-5.51,-3.55,-1.92,2.8,2.95,3.15,2.1,3.8,0.1,3.22,-3.39,-1.05,3.5,-1.32,4.1,-0.05,-1.85,3.8,2.3,3.1,0.75,2.25,2.25,2.05,-2.62,3.95,2.05,3.76,2.5,1.85,2.77
1.95,1.3,-1.7,-3.01,0.05,4.05,-0.79,-2.26,-0.65,2.19,0.85,-1.26,-1.37,2.85,-1.83,-2.55,2.55,3.35,2.57,1.6,2.3,-4,-1.19,0.58,-1.26,0.86,1.77,-0.05,-0.64,-2.55,2.65,-2.47,2.85,3.49,-3.16,-5.47,3.05,3.31,-1.25,2.65,2.75,3.3,0.38,3.4,2.35,-4.95,-3.51,-2.66,2.8,3.05,3.25,2,3.8,0.1,-1,-3.01,-0.65,3.5,-1.37,4.34,0.05,-1.83,3.8,2.3,3.1,1.25,2.95,2.95,3.05,-2.69,4.05,2.15,2.41,2.5,1.95,2.74
2.2,1.35,-1.7,-2.39,0.45,4.3,-0.75,-0.68,-0.55,1.18,1.05,-1.29,-1.37,3.2,-1.83,-2.61,2.9,3.65,2.53,1.7,2.05,-3.27,-1.17,1.17,-1.29,1.52,-0.95,0.05,0.2,-2.61,2.7,-2.43,3.35,4.08,-3.16,-5.47,3.5,3.09,-1.15,3.1,3.2,3.6,-0.63,3.45,2.7,-4.16,-3.51,-3.16,2.95,3.4,3.6,2,3.9,0.25,-1.17,-2.39,-0.55,3.6,-1.37,4.51,0.45,-1.83,3.9,2.05,3.15,1.35,3.3,3.05,3.3,-2.76,4.3,2.45,0.16,2.6,2.2,2.71
2.2,1.85,-1.9,-1.67,1.45,4.3,-0.72,0.81,0.35,-0.13,1.15,-1.29,-1.41,3.2,-1.81,-2.64,2.9,3.75,2.5,1.7,1.85,-2.44,-1.17,1.57,-1.29,2.48,-2.34,0.25,0.82,-2.64,2.7,-2.4,3.55,4.56,-3.16,-5.42,3.5,2.99,-1.05,3.1,3.2,3.6,-1.38,3.55,2.7,-2.44,-3.51,-3.16,3.05,3.4,3.6,1.8,3.9,0.45,-3.7,-1.67,0.35,3.6,-1.41,4.61,1.45,-1.81,3.9,1.85,3.35,1.45,3.3,3.15,3.3,-2.8,4.3,2.55,-2.25,2.6,2.2,2.68
2.3,2.1,-1.9,-0.99,1.55,4.4,-0.7,1.99,0.45,-1.61,2.1,-1.29,-1.51,3.3,-1.81,-2.73,3,4.1,2.46,1.8,1.8,-1.33,-1.15,1.93,-1.29,2.58,-3.09,0.35,1.81,-2.73,2.75,-2.38,3.65,4.4,-3.16,-5.42,3.6,2.95,-0.95,3.5,3.3,3.8,-2.3,3.8,3,-0.67,-3.51,-2.73,3.15,3.5,3.7,1.8,4,0.7,-3.88,-0.99,0.45,3.7,-1.51,4.58,1.55,-1.81,4,1.8,3.6,1.55,3.35,3.3,3.35,-2.8,4.4,2.65,-3.03,2.8,2.3,2.68
2.3,2.1,-2,-0.16,1.65,4.4,-0.68,2.67,0.55,-2.77,2.1,-1.3,-1.51,3.3,-1.78,-2.84,3,4.1,2.38,1.8,1.8,-0.23,-1.12,2.16,-1.3,2.74,-3.46,0.55,2.56,-2.84,2.95,-2.36,3.75,3.96,-3.18,-5.42,3.6,1.14,0.05,3.5,3.3,3.8,-3.05,3.8,3,3.3,-3.48,-1.27,3.95,3.5,3.7,1.7,4,0.7,-4.1,-0.16,0.55,3.7,-1.51,4.37,1.65,-1.78,4,1.8,3.6,1.65,3.75,3.3,3.65,-2.83,4.4,2.75,-3.31,2.8,2.3,2.66
2.4,2.4,-2,0.73,2,4.6,-0.65,3.14,0.9,-3.49,2.15,-1.32,-1.6,3.4,-1.78,-2.93,3.2,4.2,2.31,1.9,1.9,0.8,-1.1,2.24,-1.32,3.14,-3.5,0.65,3.13,-2.93,3,-2.34,4.2,3.17,-3.18,-5.32,3.7,1.04,0.15,3.6,3.9,3.9,-3.64,4.1,3.3,4.8,-3.48,0.15,4.05,3.7,3.9,1.7,4.1,0.75,-4.05,0.73,0.9,3.8,-1.6,4,2,-1.78,4.1,1.9,3.9,1.8,4,3.4,3.75,-2.83,4.6,3.15,-4.05,3.3,2.4,2.63
2.4,2.4,-1.75,1.55,2,4.6,-0.63,3.38,1,-3.49,2.65,-1.35,-1.69,3.4,-1.76,-2.99,3.2,4.2,2.23,1.9,1.9,1.56,-1.1,2.24,-1.35,3.5,,1.05,3.81,-2.99,3,-2.32,4.2,2.34,-3.18,-5.32,3.7,0.94,0.95,3.6,3.9,3.9,-4.35,4.1,3.3,5.96,-3.48,1.7,4.15,3.7,3.9,1.35,4.1,1.05,,1.55,1,3.8,-1.69,3.89,2,-1.76,4.1,1.9,3.9,1.8,4,3.4,4.15,-2.83,4.6,3.45,-4.75,3.3,2.4,2.6
2.3,2.45,-0.85,2.24,2.05,4.7,-0.61,3.58,1.05,-3.17,2.85,-1.38,-1.73,3.5,-1.75,-3.02,3.3,4.4,2.12,1.8,1.6,1.86,-1.08,2.24,-1.38,3.29,,1.15,4.25,-3.02,3.05,-2.29,4.3,1.78,-3.2,-5.27,3.75,0.82,1.05,4,4,4,-4.64,4.2,3.4,6.67,-3.48,1.73,4.55,4.1,4,1.25,4.2,1.3,,2.24,1.05,3.9,-1.73,3.55,2.05,-1.75,4.2,1.6,4.2,1.9,4.3,3.5,4.4,-2.83,4.7,3.55,-5.07,3.4,2.3,2.57
2.3,2.65,-0.82,2.65,2.15,4.7,-0.58,3.55,1.65,-2.97,2.95,-1.39,-1.83,3.5,-1.75,-3.05,3.3,4.4,2.04,1.8,1.6,2.09,-1.06,2.24,-1.39,2.63,,1.45,4.56,-3.05,3.25,-2.27,4.3,0.44,-3.2,-5.22,4.05,0.76,1.55,4,4,4,-4.97,4.2,3.4,6.6,-3.48,,4.65,4.1,4,1.15,4.2,1.3,,2.65,1.65,3.9,-1.83,3.14,2.15,-1.75,4.2,1.6,4.2,1.9,4.3,3.5,4.4,-2.87,4.7,3.65,-5.24,3.4,2.3,2.57
2.2,2.9,2.35,2.76,2.55,4.8,-0.56,3.31,2,-2.92,3.25,-1.44,-1.87,3.6,-1.73,-3.08,3.4,4.5,1.89,1.7,1.3,1.78,-1.03,2.24,-1.44,1.87,,1.55,4.54,-3.08,3.3,-2.25,4.4,-0.83,-3.2,-5.22,4.15,0.73,1.65,4.1,4.2,4.1,-5.01,4.1,3.5,6.56,-3.44,,4.8,4.2,4.2,-1.25,4.1,1.35,,2.76,2,4,-1.87,2.91,2.55,-1.73,4.1,1.3,4.3,2.1,4.4,3.6,4.7,-2.87,4.8,4.6,-5.2,3.6,2.2,2.55
2.2,2.9,2.43,2.89,2.75,4.8,-0.54,2.57,2,,3.35,-1.45,-1.96,3.6,-1.73,-3.08,3.4,4.5,1.85,1.7,1.3,2.46,-1.03,2.24,-1.45,0.91,,1.95,4.63,-3.08,3.3,-2.21,4.4,-2.3,-3.2,-5.17,4.25,0.6,1.75,4.1,4.2,4.1,-4.89,4.1,3.5,6.52,-3.44,,4.8,4.2,4.2,-1.35,4.1,1.45,,2.89,2,4,-1.96,2.75,2.75,-1.73,4.1,1.3,4.3,2.1,4.4,3.6,4.7,-2.87,4.8,4.6,-5.11,3.6,2.2,2.52
2.1,3,2.4,3.06,2.85,4.9,-0.51,1.86,2.05,,3.65,-1.48,-2.01,3.7,-1.71,-3.08,3.5,4.6,1.66,1.6,1.1,2.92,-0.99,2.24,-1.48,-0.61,,2.05,4.58,-3.08,3.4,-2.19,4.3,-3.49,-3.23,-5.12,4.65,0.54,2.3,4.2,4.3,4.2,-4.68,4,3.6,6.48,-3.44,,4.9,4.4,4.3,-1.45,3.75,1.7,,3.06,2.05,4.2,-2.01,2.14,2.85,-1.71,3.75,1.1,4.2,2.15,4.3,3.8,5,-2.87,4.9,4.7,-4.62,3.9,2.1,2.52
2.1,3,2.4,3.17,2.95,4.9,-0.49,0.91,2.35,,3.75,-1.5,-2.05,3.7,-1.7,-3.14,3.5,4.6,1.51,1.6,1.1,2.69,-0.96,2.24,-1.5,-2.38,,2.35,4.5,-3.14,3.4,-2.16,4.3,-3.88,-3.23,-5.07,4.75,0.38,2.3,4.2,4.3,4.2,-4.01,4,3.6,6.48,-3.44,,4.9,4.4,4.3,-1.8,3.65,1.7,,3.17,2.35,4.2,-2.05,0.4,2.95,-1.7,3.65,1.1,4.2,2.55,4.3,3.8,5,-2.87,4.9,4.7,-3.93,3.9,2.1,2.49
2,3.05,2.2,3.2,3.3,5,-0.47,0.95,2.45,,4,-1.51,-2.14,3.45,-1.68,-3.19,3.6,4.5,1.4,1.5,1,2.26,-0.94,2.24,-1.51,-3.6,,2.45,4.14,-3.19,3.5,-2.12,4.2,-4.12,-3.25,-5.07,4.85,0.27,2.35,4.1,4.4,4,-3.09,3.7,3.65,6.41,-3.44,,5.1,4.8,4.4,-1.8,3.55,2,,3.2,2.45,4.3,-2.14,-0.13,3.3,-1.68,3.55,1,3.9,2.65,4.2,3.9,5.2,-2.87,5,4.6,-2.82,4,2,2.46
2,3.35,2.2,2.93,3.3,5,-0.44,,2.55,,4,-1.53,-2.14,3.35,-1.65,-3.22,3.6,4.5,1.36,1.5,1,1.81,-0.94,2.24,-1.53,-3.95,,2.65,3.13,-3.22,3.5,-2.1,4.2,-4.12,-3.28,-5.02,4.95,-1.44,2.45,4.1,4.4,4,-1.96,3.7,3.85,6.33,-3.44,,5.1,4.8,4.4,-1.9,3.25,2,,2.93,2.55,4.3,-2.14,-0.13,3.3,-1.65,3.25,1,3.9,2.75,4.2,3.9,5.2,-2.87,5,4.6,-0.53,4,2,2.43
1.9,3.6,1.9,2.41,3.35,5.1,-0.42,,2.75,,4.3,-1.54,-2.19,3.2,-1.63,-3.25,3.5,4.4,1.32,1.4,0.75,0.65,-0.92,2.24,-1.54,-3.85,,2.75,2.16,-3.25,3.4,-2.08,4.1,,-3.28,-5.02,5.4,-1.61,2.55,4,4.3,3.9,-0.71,3.6,4.1,6.26,-3.44,,5.2,5.2,4.3,-1.9,2.85,2.05,,2.41,2.75,4.5,-2.19,-0.9,3.35,-1.63,2.85,0.75,3.6,2.85,4,4,5.5,-2.87,5.1,4.3,1.23,4.2,1.9,2.43
1.9,3.6,1.9,1.79,3.45,5.1,-0.4,,3.15,,4.3,-1.59,-2.24,3.2,-1.61,-3.25,3.5,4.4,1.17,1.4,-2.85,-0.2,-0.9,2.25,-1.59,-4.05,,2.95,0.4,-3.25,3.4,-2.05,4.1,,-3.28,-4.97,5.4,-1.72,2.65,4,4.3,3.9,0.71,3.6,4.1,6.18,-3.44,,5.2,5.2,4.3,-2,2.75,2.35,,1.79,3.15,4.5,-2.24,-3.43,3.45,-1.61,2.75,-2.85,3.6,2.95,4,4,5.5,-2.9,5.1,4.3,2.17,4.2,1.9,2.41
1.6,3.7,1.8,0.97,3.8,5,-0.37,,3.25,,4.6,-1.6,-2.28,2.85,-1.6,-3.25,3.4,4.1,1.06,1.3,-3.1,-0.28,-0.87,2.25,-1.6,-4.36,,3.05,-1.06,-3.25,3.3,-2.03,3.65,,-3.28,-4.91,5.5,-1.83,3.2,3.9,4.2,3.7,1.67,3.5,4.15,6.11,-3.44,,5.3,5.3,4.2,-2,2.65,2.6,,0.97,3.25,4.6,-2.28,-3.45,3.8,-1.6,2.65,-3.1,3.3,3.1,3.75,4.1,5.2,-2.9,5,4.2,2.25,4.3,1.6,2.38
1.6,3.7,1.8,0.94,3.8,5,-0.35,,3.65,,4.6,-1.62,-2.33,2.75,-1.6,-3.25,3.4,4.1,0.91,1.3,-3.1,,-0.87,2.27,-1.62,-4.05,,3.15,-2.4,-3.25,3.3,-2.01,3.55,,-3.28,-4.86,5.5,-2,3.2,3.9,4.2,3.7,3.05,3.5,5.05,6.03,-3.4,,5.3,5.3,4.2,-2.1,-2.75,2.6,,0.94,3.65,4.6,-2.33,-3.87,3.8,-1.6,-2.75,-3.1,3.3,3.1,3.05,4.1,5.2,-2.9,5,4.2,,4.3,1.6,2.27
1.35,4,1.72,,3.9,4.9,-0.33,,4.2,,4.8,-1.63,-2.37,2.7,-1.58,-3.25,3.3,4,0.83,1.2,-3.3,,-0.85,2.27,-1.63,-4,,3.25,-3.04,-3.25,3.25,-1.97,3.45,,-3.28,-4.76,5.7,-2.12,3.3,3.8,4.15,3.4,3.76,3.4,5.3,5.88,-3.4,,5.2,5.4,4,-2.1,-2.85,2.65,,,4.2,4.7,-2.37,-4.52,3.9,-1.58,-2.85,-3.3,3,3.25,3,4,4.85,-2.9,4.9,4,,4.4,1.35,2.27
1.05,4,,,3.9,4.9,-0.3,,4.2,,4.8,-1.63,-2.42,2.7,-1.56,-3.25,3.3,4,0.68,1.2,-3.3,,-0.83,2.27,-1.63,,,3.35,-3.86,-3.25,3.05,-1.94,3.05,,-3.3,-4.71,5.7,-2.29,3.3,3.8,4.15,3.4,3.89,3.4,5.3,5.7,-3.32,,5.2,5.4,4,-2.2,-2.95,2.85,,,4.2,4.7,-2.42,-4.89,3.9,-1.56,-2.95,-3.3,3,3.45,3,4,4.65,-2.9,4.9,4,,4.4,1.05,2.24
0.85,4.1,,,4.1,4.8,-0.28,,4.3,,4.7,-1.65,-2.46,2.45,-1.56,-3.25,3.1,3.5,0.57,1.1,-3.4,,-0.8,2.27,-1.65,,,3.5,-3.77,-3.25,3,-1.92,2.75,,-3.32,-4.66,5.8,-2.45,3.4,3.7,4.2,3.15,3.8,3.1,5.05,5.51,-3.28,,5.1,5.3,3.9,-2.2,-3.3,3.1,,,4.3,4.8,-2.46,-4.89,4.1,-1.56,-3.3,-3.4,2.75,3.55,2.75,3.9,4.6,-2.92,4.8,3.9,,4.5,0.85,2.21
0.05,4.1,,,4.1,4.8,-0.28,,4.3,,4.7,-1.66,-2.46,2.35,-1.55,-3.25,3.1,3.5,0.45,1.1,-3.4,,-0.78,2.27,-1.66,,,3.5,,-3.25,3,-1.88,2.65,,-3.32,-4.61,5.8,-2.49,3.4,3.7,4.2,3.05,,3.1,4.05,5.32,-3.24,,5.1,5.3,3.9,-2.3,-3.3,3.1,,,4.3,4.8,-2.46,-4.89,4.1,-1.55,-3.3,-3.4,2.05,3.65,2.45,3.9,4.6,-2.92,4.8,3.9,,4.5,0.05,2.1
-0.05,3.9,,,4.5,4.7,-0.26,,4.5,,4.6,-1.66,-2.51,2.25,-1.48,-3.25,3,3.4,0.42,1,-3.2,,-0.76,2.27,-1.66,,,3.6,,-3.25,2.95,-1.86,2.55,,-3.35,-4.56,5.9,-2.6,3.5,3.5,4.1,2.85,,2.8,4,5.14,-3.24,,4.95,5.2,3.7,-2.3,-3.4,3.15,,,4.5,4.9,-2.51,-4.89,4.5,-1.48,-3.4,-3.2,2,3.8,2.4,3.8,4.25,-2.92,4.7,3,,4.4,-0.05,2.05
-0.95,3.9,,,4.5,4.7,-0.26,,4.5,,4.6,-1.7,-2.6,2.15,-1.46,-3.25,3,3.4,0.38,1,-3.2,,-0.73,2.28,-1.7,,,3.6,,-3.25,2.75,-1.84,0.05,,-3.37,-4.51,5.9,-2.77,3.5,3.5,4.1,2.65,,2.8,4,3.71,-3.2,,4.85,5.2,3.7,-1.43,-3.4,3.45,,,4.5,4.9,-2.6,-4.97,4.5,-1.46,-3.4,-3.2,2,3.8,2.4,3.8,4.05,-2.92,4.7,3,,4.4,-0.95,2.05
-1.15,3.7,,,4.6,4.45,-0.23,,4.6,,4.4,-1.71,-2.65,1.95,-1.45,-3.25,2.65,3.3,0.3,0.9,-3.25,,-0.71,2.28,-1.71,,,3.75,,-3.25,2.7,-1.81,-0.05,,-3.39,-4.46,5.8,-2.75,3.6,3.4,4,2.45,,2.5,3.9,1.84,-3.16,,4.75,5,3.6,-1.34,-3.45,3.7,,,4.6,5,-2.65,-4.97,4.6,-1.45,-3.45,-3.25,1.75,4.2,2.15,3.7,4,-2.92,4.45,2.9,,4.3,-1.15,2.02
-1.35,3.7,,,4.6,4.35,-0.23,,4.6,,4.4,-1.71,-2.69,1.85,-1.45,-3.22,2.55,3.3,0.19,0.9,-3.65,,-0.69,2.27,-1.71,,,3.85,,-3.22,2.7,-1.79,-1.95,,-3.44,-4.41,5.8,-2.75,3.6,3.4,4,2.25,,2.5,3.9,1.05,-3.12,,4.65,5,3.6,,-3.55,3.7,,,4.6,5,-2.69,-4.97,4.6,-1.45,-3.55,-3.65,-1.35,4.2,1.35,3.7,4,-2.94,4.35,2.9,,4.3,-1.35,1.99
-1.8,3.4,,,4.7,4.25,-0.21,,4.7,,4.3,-1.73,-2.69,1.75,-1.41,-3.25,2.45,2.65,0.11,0.45,-3.9,,-0.67,2.27,-1.73,,,4,,-3.25,2.65,-1.77,-2.05,,-3.44,-4.41,5.7,-2.85,3.7,2.95,3.8,2.15,,2.25,3.65,0.94,-3.09,,4.55,4.9,3.5,,-3.9,3.75,,,4.7,4.9,-2.69,-4.97,4.7,-1.41,-3.9,-3.9,-1.6,4.35,1.3,3.55,3.9,-2.94,4.25,2.5,,4.2,-1.8,1.96
-1.8,3.4,,,4.7,3.98,-0.19,,4.7,,4.3,-1.74,-2.74,1.65,-1.39,-3.25,1.95,2.55,0,0.35,-3.9,,-0.64,2.27,-1.74,,,4,,-3.25,2.05,-1.73,-2.45,,-3.46,-4.36,5.7,-2.85,3.7,2.85,3.8,2.05,,2.15,2.95,,-3.05,,4.35,4.9,3.5,,-3.9,4.05,,,4.7,4.9,-2.74,-4.54,4.7,-1.39,-3.9,-3.9,-1.6,4.45,1.3,3.45,3.9,-2.94,3.98,2.5,,4.2,-1.8,1.94
-1.9,3.15,,,4.6,-1.76,-0.14,,4.8,,4.2,-1.74,-2.78,1.45,-1.39,-3.25,1.55,2.05,-0.08,0.25,-3.8,,-0.6,2.25,-1.74,,,4.1,,-3.25,1.95,-1.73,-2.55,,-3.46,-4.31,5.6,-2.95,3.8,2.75,3.7,1.95,,2.1,2.9,,-3.05,,4.2,4.55,3.3,,-4,4.3,,,4.8,4.7,-2.78,-4.4,4.6,-1.39,-4,-3.8,-1.65,4.6,1.05,3.4,3.6,-2.94,-1.76,2.4,,4.1,-1.9,1.91
-1.9,2.85,,,4.6,-1.95,-0.14,,4.8,,4.2,-1.76,-2.83,1.35,-1.39,-3.28,1.45,1.95,-0.15,-1.55,-3.8,,-0.57,2.24,-1.76,,,4.1,,-3.28,1.75,-1.68,-2.65,,-3.46,-4.31,5.6,-2.95,3.8,2.25,3.7,1.75,,2.1,2.9,,-2.97,,4.2,4.45,3.3,,-4,4.3,,,4.8,4.7,-2.83,-3.02,4.6,-1.39,-4,-3.8,-2.45,4.6,0.95,3.4,3.6,-2.94,-1.95,2.4,,4.1,-1.9,1.85
-2,2.8,,,4.4,-2.05,-0.12,,4.9,,3.9,-1.77,-2.83,1.25,-1.39,-3.28,1.35,1.85,-0.19,-1.65,-3.55,,-0.53,2.24,-1.77,,,4.2,,-3.28,1.7,-1.66,-3.05,,-3.46,-4.21,5.5,-3.05,3.9,1.85,3.25,1.55,,1.85,2.65,,-2.89,,4.1,4.35,3.2,,-3.9,4.5,,,4.9,4.6,-2.83,-1.17,4.4,-1.39,-3.9,-3.55,-2.7,4.75,0.85,3.3,3.35,-2.94,-2.05,2.6,,3.55,-2,1.83
-2,2.8,,,4.4,-2.15,-0.09,,4.9,,3.9,-1.8,-2.83,1.15,-1.38,-3.25,-1.55,1.75,-0.3,-1.75,-3.25,,-0.5,2.24,-1.8,,,4.2,,-3.25,1.7,-1.62,-3.15,,-3.46,-4.15,5.5,-3.05,3.9,1.75,3.15,1.05,,1.45,-3.55,,-2.85,,4.1,3.95,3.2,,-3.9,4.5,,,4.9,4.6,-2.83,-1.22,4.4,-1.38,-3.9,-3.25,-2.7,5.25,-2.45,3.3,2.65,-2.94,-2.15,2.6,,3.45,-2,1.77
-2.1,2.55,,,4.3,-2.4,-0.05,,5,,3.4,-1.82,-2.92,1.05,-1.35,-3.22,-1.65,1.65,-0.34,-1.85,-3.2,,-0.48,2.22,-1.82,,,4.3,,-3.22,1.65,-1.6,-3.25,,-3.46,-4.1,5.4,-3.15,4,1.65,3.05,0.55,,1.4,-3.9,,-2.77,,3.95,3.55,2.85,,-3.7,4.7,,,5,4.5,-2.92,,4.3,-1.35,-3.7,-3.2,-3,5.35,-2.55,3.15,2.6,-2.97,-2.4,2.7,,3.35,-2.1,1.74
-2.1,2.35,,,4.3,-2.4,-0.02,,5,,3.4,-1.85,-3.01,0.95,-1.35,-3.19,-1.75,1.55,-0.49,-2.25,-3.2,,-0.46,2.22,-1.85,,,4.3,,-3.19,0.75,-1.57,-3.35,,-3.46,-4.05,5.4,-3.15,4,-2.25,2.55,0.45,,1.4,-3.9,,-2.73,,3.85,3.45,2.75,,-3.7,4.7,,,5,4.5,-3.01,,4.3,-1.35,-3.7,-3.2,-3,5.45,-2.65,3.05,2.6,-2.97,-2.4,2.7,,3.15,-2.1,1.72
-2,2.3,,,4.1,-2.45,0,,5.1,,3.05,-1.86,-3.06,0.75,-1.33,-3.19,-2.05,1.45,-0.61,-2.35,-2.95,,-0.44,2.22,-1.86,,,4.2,,-3.19,0.65,-1.55,-3.9,,-3.46,-4,4.95,-3.25,4.1,-2.35,2.15,0.35,,1.15,-3.6,,-2.69,,3.75,3.35,2.65,,-3.6,4.9,,,5.1,4.4,-3.06,,4.1,-1.33,-3.6,-2.95,-3.3,5.6,-2.9,2.8,2.35,-2.97,-2.45,2.6,,2.9,-2,1.69
-2,2.3,,,4.1,-2.65,0.05,,5.1,,2.95,-1.88,-3.19,0.65,-1.31,-3.16,-2.25,1.35,-0.76,-2.45,-2.55,,-0.41,2.22,-1.88,,,4.2,,-3.16,0.35,-1.51,-3.9,,-3.46,-3.95,4.85,-3.25,4.1,-2.45,2.05,0.15,,-0.45,-3.6,,-2.62,,3.65,2.85,2.15,,-3.6,4.9,,,5.1,4.4,-3.19,,4.1,-1.31,-3.6,-2.55,-3.3,5.6,-2.9,2.8,2.25,-2.97,-2.65,2.6,,2.9,-2,1.66
-1.9,2.05,,,4,-2.75,0.07,,4.95,,2.85,-1.89,-3.19,0.55,-1.28,-3.14,-2.35,1.25,-0.83,-2.55,-2.5,,-0.39,2.21,-1.89,,,4.1,,-3.14,0.3,-1.49,-4,,-3.49,-3.9,4.75,-3.35,4.2,-2.85,1.95,0.05,,-0.5,-3.4,,-2.58,,3.55,2.45,1.75,,-3.25,5.1,,,4.95,4.15,-3.19,,4,-1.28,-3.25,-2.5,-3.6,5.7,-2.95,2.65,2.15,-2.99,-2.75,2.5,,2.35,-1.9,1.63
-1.9,-1.05,,,4,-2.85,0.07,,4.95,,2.65,-1.91,-3.24,0.45,-1.28,-3.11,-2.65,1.05,-0.95,-2.85,-2.5,,-0.37,2.21,-1.91,,,4.1,,-3.11,0.3,-1.46,-4,,-3.49,-3.85,3.85,-3.35,4.2,-3.35,-2.25,-0.05,,-0.5,-3.4,,-2.54,,3.45,2.35,1.65,,-3.15,5.1,,,4.95,4.05,-3.24,,4,-1.28,-3.15,-2.5,-3.6,5.7,-3.65,2.55,-2.65,-2.99,-2.85,2.5,,2.25,-1.9,1.58
-1.7,-1.3,,,3.65,-3.1,0.09,,5,,2.35,-1.92,-3.29,0.35,-1.26,-3.11,-2.75,0.95,-0.98,-2.95,-2.2,,-0.34,2.2,-1.92,,,4,,-3.11,0.25,-1.44,-4.1,,-3.49,-3.8,3.45,-3.45,4.3,-3.45,-2.35,-0.15,,-0.75,-3.1,,-2.5,,3.35,2.25,1.55,,-3.05,5.3,,,5,3.9,-3.29,,3.65,-1.26,-3.05,-2.2,-3.7,5.8,-3.9,2.45,-2.9,-2.99,-3.1,2.8,,2.15,-1.7,1.55
-1.7,-1.3,,,3.55,-3.1,0.12,,5,,2.25,-1.95,-3.33,0.25,-1.23,-3.08,-2.85,0.75,-1.06,-3.05,-2.2,,-0.3,2.18,-1.95,,,4,,-3.08,-0.35,-1.4,-4.1,,-3.51,-3.75,3.35,-3.45,4.3,-3.55,-2.45,-0.85,,-2.05,-3.1,,-2.5,,3.25,-0.95,-1.65,,-2.65,5.3,,,5,3.9,-3.33,,3.55,-1.23,-2.65,-2.2,-3.7,5.8,-3.9,1.85,-2.9,-2.99,-3.1,2.8,,2.05,-1.7,1.52
-1.6,-1.35,,,3.45,-3.15,0.14,,4.9,,2.15,-1.98,-3.38,0.15,-1.23,-3.02,-3.2,0.65,-1.17,-3.5,-1.95,,-0.28,2.18,-1.98,,,4.1,,-3.02,-0.45,-1.35,-4.2,,-3.51,-3.7,3.25,-3.55,4.4,-4,-2.85,-0.95,,-2.3,-2.85,,-2.46,,3.15,-1.05,-1.75,,-2.25,5.5,,,4.9,3.5,-3.38,,3.45,-1.23,-2.25,-1.95,-3.9,5.9,-4.2,1.7,-2.95,-2.99,-3.15,2.9,,1.95,-1.6,1.44
-1.6,-1.75,,,3.25,-3.55,0.19,,4.9,,2.05,-2.01,-3.38,-0.35,-1.18,-2.99,-3.2,0.25,-1.21,-3.5,-1.65,,-0.25,2.18,-2.01,,,4.1,,-2.99,-0.85,-1.31,-4.2,,-3.51,-3.65,0.15,-3.55,4.4,-4,-3.45,-1.05,,-2.3,-2.55,,-2.46,,3.05,-1.15,-1.85,,-2.15,5.5,,,4.9,3.5,-3.38,,3.25,-1.18,-2.15,-1.65,-3.9,5.9,-4.2,1.7,-3.75,-2.99,-3.55,2.9,,1.75,-1.6,1.22
-1.4,-2,,,2.8,-3.65,0.19,,4.7,,1.95,-2.03,-3.42,-0.5,-1.15,-2.96,-3.3,0.15,-1.32,-3.6,-1.6,,-0.21,2.17,-2.03,,,4,,-2.96,-0.9,-1.29,-4.3,,-3.51,-3.6,0.05,-3.45,4.5,-4.1,-3.55,-1.15,,-2.35,-2.5,,-2.42,,2.95,-1.55,-2.25,,-2.1,5.7,,,4.7,3.4,-3.42,,2.8,-1.15,-2.1,-1.6,-4.2,6,-4.3,1.55,-4,-2.99,-3.65,2.85,,1.65,-1.4,1.16
-1.4,-2,,,2.8,-3.75,0.21,,4.7,,1.05,-2.04,-3.47,-0.6,-1.13,-2.9,-3.3,-1.85,-1.36,-3.6,-1.6,,-0.18,2.16,-2.04,,,4,,-2.9,-0.9,-1.22,-4.3,,-3.51,-3.5,-0.05,-3.45,4.5,-4.1,-3.65,-1.25,,-2.95,-2.5,,-2.38,,2.75,-2.15,-2.75,,,5.7,,,4.7,3.4,-3.47,,2.8,-1.13,,-1.6,-4.2,6,-4.3,1.45,-4,-2.99,-3.75,2.85,,1.15,-1.4,1.08
-1.3,-2.05,,,2.45,-4,0.23,,4.5,,0.95,-2.07,-3.47,-0.65,-1.12,-2.84,-3.4,-1.95,-1.4,-3.7,-1.3,,-0.16,2.16,-2.07,,,3.9,,-2.84,-0.95,-1.18,-4.4,,-3.51,-3.5,-0.45,-3.35,4.6,-4.3,-4.1,-1.45,,-3.05,-2.25,,-2.34,,2.7,-2.25,-2.85,,,5.9,,,4.5,3.15,-3.47,,2.45,-1.12,,-1.3,-4.3,5.9,-4.2,1.35,-4.05,-2.99,-4,2.9,,1.05,-1.3,1.05
-1.3,-2.35,,,2.35,-4,0.26,,4.5,,0.55,-2.09,-3.51,-1.35,-1.1,-2.78,-3.4,-2.05,-1.51,-3.7,,,-0.14,2.13,-2.09,,,3.9,,-2.78,-1.55,-1.16,-4.4,,-3.53,-3.45,-3.95,-3.35,4.6,-4.3,-4.1,-1.55,,-3.15,-1.85,,-2.3,,2.7,-2.35,-2.95,,,5.9,,,4.5,3.05,-3.51,,2.35,-1.1,,,-4.3,5.9,-4.2,-2.55,-4.45,-2.99,-4,2.9,,0.05,-1.3,1
-1.2,-2.6,,,2.25,-4.4,0.28,,4.3,,0.45,-2.1,-3.51,-1.45,-1.09,-2.75,-3.5,-2.35,-1.55,-3.8,,,-0.11,2.05,-2.1,,,3.8,,-2.75,-1.6,-1.14,-4.3,,-3.53,-3.39,-4.05,-3.25,4.7,-4.4,-4.2,-1.65,,-3.4,-1.8,,-2.26,,2.45,-2.75,-3.35,,,6.2,,,4.3,2.95,-3.51,,2.25,-1.09,,,-4.2,5.8,-4.1,-2.65,-4.7,-2.99,-4.4,3,,-0.05,-1.2,0.97
-1.2,-2.6,,,-2.95,-4.4,0.3,,4.3,,-0.05,-2.13,-3.56,-2.15,-1.02,-2.67,-3.5,-2.95,-1.66,-3.8,,,-0.11,1.72,-2.13,,,3.8,,-2.67,-1.7,-1.11,-4.3,,-3.56,-3.39,-4.15,-3.25,4.7,-4.4,-4.2,-1.75,,-3.4,-1.8,,-2.23,,2.35,-3.15,-3.45,,,6.2,,,4.3,-2.25,-3.56,,-2.95,-1.02,,,-4.2,5.8,-4.1,-2.75,-4.7,-2.99,-4.4,3,,-0.95,-1.2,0.94
-0.55,-2.7,,,-3.05,-4.5,0.35,,4,,-0.35,-2.15,-3.61,-2.45,-1,-2.67,-3.6,-3.05,-1.74,-3.9,,,-0.09,1.46,-2.15,,,3.7,,-2.67,-1.8,-1.07,-4.2,,-3.56,-3.34,-4.6,-3.15,4.8,-4.6,-4.3,-1.85,,-3.7,-1.6,,-2.19,,2.25,-3.25,-3.55,,,6.4,,,4,-2.35,-3.61,,-3.05,-1,,,-3.9,5.7,-3.8,-2.9,-4.75,-2.99,-4.5,3.1,,-1.05,-0.55,0.91
-0.45,-2.7,,,-3.15,-4.5,0.37,,4,,-0.45,-2.18,-3.65,-2.55,-0.96,-2.61,-3.6,-3.15,-1.85,-3.9,,,-0.07,1.14,-2.18,,,3.7,,-2.61,-1.8,-1.01,-4.2,,-3.56,-3.29,-4.6,-3.15,4.8,-4.6,-4.3,-1.95,,-3.7,-1.6,,-2.11,,2.15,-3.35,-3.65,,,6.4,,,4,-2.45,-3.65,,-3.15,-0.96,,,-3.9,5.7,-3.8,-2.9,-4.85,-2.99,-4.5,3.1,,-3.05,-0.45,0.86
-0.3,-2.8,,,-3.5,-4.6,0.4,,3.65,,-1.15,-2.19,-3.65,-2.8,-0.89,-2.55,-3.7,-3.8,-1.97,-3.8,,,-0.05,0.62,-2.19,,,3.6,,-2.55,-1.85,-0.9,-4.1,,-3.56,-3.24,-4.7,-3.05,4.9,-4.7,-4.4,-2.7,,-3.8,-1.35,,-2.07,,2.05,-3.75,-4,,,6.6,,,3.65,-2.7,-3.65,,-3.5,-0.89,,,-3.65,5.6,-3.5,-3.05,-5.1,-2.99,-4.6,3.2,,-3.15,-0.3,0.83
,-2.8,,,-3.5,-4.6,0.42,,3.55,,-1.45,-2.23,-3.65,-2.8,-0.88,-2.46,-3.7,-3.8,-2,-3.8,,,-0.02,0.05,-2.23,,,3.6,,-2.46,-2.05,-0.85,-4.1,,-3.56,-3.24,-4.7,-3.05,4.9,-4.7,-4.4,-2.7,,-3.8,-0.75,,-2.03,,1.95,-4.15,-4,,,6.6,,,3.55,-2.7,-3.65,,-3.5,-0.88,,,-3.35,5.6,-3.5,-3.55,-5.1,-3.01,-4.6,3.2,,-3.25,,0.8
,-2.9,,,-3.6,-4.5,0.44,,3.45,,-1.65,-2.24,-3.7,-3.2,-0.86,-2.46,-3.8,-3.9,-2.08,-3.75,,,0.02,-0.39,-2.24,,,3.5,,-2.46,-2.1,-0.83,-4,,-3.56,-3.14,-4.75,-2.95,5,-4.8,-4.6,-3,,-4.1,-0.7,,-1.99,,1.85,-4.25,-4.1,,,6.4,,,3.45,-2.75,-3.7,,-3.6,-0.86,,,-3.3,5.5,-3.3,-3.65,-5.15,-3.01,-4.5,3.3,,-3.8,,0.77
,-2.9,,,-3.6,-4.5,0.47,,3.35,,-1.85,-2.24,-3.7,-3.2,-0.84,-2.34,-3.8,-3.9,-2.16,-3.75,,,0.05,-0.4,-2.24,,,3.5,,-2.34,-2.1,-0.79,-4,,-3.56,-3.09,-5.45,-2.95,5,-4.8,-4.6,-3,,-4.1,,,-1.91,,1.65,-4.35,-4.1,,,6.4,,,3.35,-3.75,-3.7,,-3.6,-0.84,,,-3.3,5.5,-3.3,-3.75,-5.25,-3.01,-4.5,3.3,,-3.8,,0.75
,-3.1,,,-3.8,-4.4,0.49,,3.25,,-2.05,-2.26,-3.7,-3.4,-0.81,-2.34,-3.7,-4.1,-2.19,-3.8,,,0.09,-0.43,-2.26,,,3.25,,-2.34,-2.15,-0.74,-3.45,,-3.56,-2.99,-5.55,-2.85,5.1,-4.7,-4.7,-3.2,,-4.2,,,-1.87,,1.55,-4.7,-4.3,,,6.1,,,3.25,-3.85,-3.7,,-3.8,-0.81,,,-3.1,5.3,-3.1,-3.9,-5.5,-3.01,-4.4,3.9,,-4.25,,0.72
,-3.1,,,-3.8,-4.4,0.54,,3.15,,-2.15,-2.26,-3.7,-3.4,-0.76,-2.29,-3.7,-4.1,-2.27,-3.8,,,0.09,-0.46,-2.26,,,3.15,,-2.29,-2.25,-0.7,-3.35,,-3.56,-2.94,-5.65,-2.85,5.1,-4.7,-4.7,-3.2,,-4.2,,,-1.8,,1.35,-4.7,-4.3,,,6.1,,,3.15,-3.95,-3.7,,-3.8,-0.76,,,-3.1,5.3,-3.1,-3.9,-5.5,-3.01,-4.4,3.9,,-4.35,,0.66
,-3.2,,,-3.9,-4.15,0.54,,3.05,,-3.1,-2.27,-3.7,-3.5,-0.7,-2.2,-3.6,-4.2,-2.31,-3.7,,,0.11,-0.48,-2.27,,,3.05,,-2.2,-2.3,-0.61,-3.25,,-3.58,-2.89,-6.1,-2.75,5.2,-4.6,-4.9,-3.3,,-4.3,,,-1.76,,1.25,-4.8,-4.4,,,5.7,,,3.05,-4.2,-3.7,,-3.9,-0.7,,,-2.85,5.2,-2.8,-4,-5.4,-3.01,-4.15,4,,-4.8,,0.44
,-3.2,,,-3.9,-4.05,0.56,,2.95,,-3.1,-2.27,-3.74,-3.5,-0.66,-2.11,-3.6,-4.2,-2.42,-3.7,,,0.11,-0.51,-2.27,,,2.95,,-2.11,-2.3,-0.59,-2.85,,-3.58,-2.89,-6.1,-2.75,5.2,-4.6,-4.9,-3.3,,-4.3,,,-1.64,,0.95,-4.8,-4.4,,,5.7,,,2.95,-4.2,-3.74,,-3.9,-0.66,,,-2.15,5.2,-2.8,-4,-5.4,-3.01,-4.05,4,,-4.8,,0.36
,-3.5,,,-3.8,-3.95,0.58,,2.85,,-3.2,-2.29,-3.79,-3.6,-0.65,-2.02,-3.5,-4.3,-2.53,-3.6,,,0.14,-0.54,-2.29,,,2.75,,-2.02,-2.4,-0.59,-2.55,,-3.58,-2.79,-6.2,-2.65,5.1,-4.5,-5,-3.4,,-4.4,,,-1.6,,0.85,-5,-4.3,,,5.4,,,2.85,-4.3,-3.79,,-3.8,-0.65,,,-2.1,5.05,-2.45,-4.2,-5.5,-3.01,-3.95,4.1,,-4.9,,0.33
,-3.5,,,-3.8,-3.55,0.61,,2.75,,-3.2,-2.29,-3.79,-3.6,-0.58,-1.9,-3.5,-4.3,-2.57,-3.6,,,0.14,-0.55,-2.29,,,2.65,,-1.9,-2.4,-0.52,-2.45,,-3.58,-2.79,-6.2,-2.65,5.1,-4.5,-5,-3.4,,-4.4,,,-1.52,,0.55,-5,-4.3,,,5.4,,,2.75,-4.3,-3.79,,-3.8,-0.58,,,-2.1,4.95,-1.75,-4.2,-5.5,-3.01,-3.55,4.1,,-4.9,,0.3
,-3.8,,,-3.7,-3.5,0.76,,2.65,,-3.5,-2.29,-3.79,-3.7,-0.57,-1.82,-3.4,-4.4,-2.68,-3.5,,,0.16,-0.59,-2.29,,,2.55,,-1.82,-2.5,-0.5,-2.4,,-3.58,-2.74,-6.1,-2.55,5.2,-4.3,-5.1,-3.5,,-4.5,,,-1.48,,0.45,-5.1,-4.2,,,5.2,,,2.65,-4.5,-3.79,,-3.7,-0.57,,,-1.85,4.85,-1.7,-4.3,-5.3,-3.01,-3.5,4.9,,-5,,0.28
,-3.8,,,-3.7,-3.5,1.23,,2.25,,-3.5,-2.33,-3.79,-3.7,-0.53,-1.67,-3.4,-4.4,-2.72,-3.5,,,0.16,-0.62,-2.33,,,1.65,,-1.67,-2.5,-0.48,,,-3.61,-2.63,-6.1,-2.55,5.2,-4.3,-5.1,-3.5,,-4.5,,,-1.44,,0.05,-5.1,-4.2,,,5.2,,,2.25,-4.5,-3.79,,-3.7,-0.53,,,-1.75,4.25,-1.7,-4.3,-5.3,-3.01,-3.5,4.9,,-5,,0.25
,-3.9,,,-3.9,-3.25,1.66,,2.15,,-3.6,-2.36,-3.83,-3.8,-0.49,-1.55,-3.3,-4.5,-2.76,-3.05,,,0.18,-0.63,-2.36,,,1.55,,-1.55,-2.6,-0.44,,,-3.61,-2.63,-6,-2.45,5.1,-4.2,-5,-3.3,,-4.4,,,-1.37,,-0.05,-5.2,-4,,,5.1,,,2.15,-4.9,-3.83,,-3.9,-0.49,,,-1.7,4.1,-1.45,-4.4,-5.1,-3.01,-3.25,5,,-5.1,,0.19
,-3.9,,,-3.9,-3.15,1.92,,1.95,,-3.6,-2.38,-3.83,-3.8,-0.42,-1.52,-3.3,-4.5,-2.8,-2.95,,,0.18,-0.64,-2.38,,,1.35,,-1.52,-2.6,-0.42,,,-3.61,-2.58,-6,-2.45,5.1,-4.2,-5,-3.3,,-4.4,,,-1.33,,-0.45,-5.2,-4,,,5.1,,,1.95,-4.9,-3.83,,-3.9,-0.42,,,,4.1,-0.65,-4.4,-5.1,-3.01,-3.15,5,,-5.1,,0.17
,-3.65,,,-4,-3.1,2,,1.85,,-3.7,-2.38,-3.83,-3.9,-0.41,-1.41,-3.2,-4.6,-3.06,-2.85,,,0.21,-0.67,-2.38,,,1.25,,-1.41,-2.55,-0.42,,,-3.61,-2.58,-5.55,-2.35,4.9,-3.8,-4.9,-3.1,,-4.1,,,-1.25,,-0.55,-5.3,-3.9,,,4.9,,,1.85,-5,-3.83,,-4,-0.41,,,,3.95,-0.6,-4.3,-4.8,-3.01,-3.1,4.9,,-5.2,,0.14
,-3.35,,,-4,,2.13,,1.75,,-3.7,-2.41,-3.83,-3.9,-0.31,-1.38,-3.2,-4.6,-3.1,-2.45,,,0.21,-0.7,-2.41,,,0.95,,-1.38,-2.35,-0.39,,,-3.61,-2.53,-5.45,-2.35,4.9,-3.8,-4.9,-3.1,,-4.1,,,-1.21,,-1.15,-5.3,-3.9,,,4.9,,,1.75,-5,-3.83,,-4,-0.31,,,,3.85,,-4.3,-4.8,-3.01,,4.9,,-5.2,,0.11
,-3.3,,,-4.1,,2.17,,1.65,,-3.8,-2.44,-3.83,-3.6,-0.29,-1.26,-3.1,-4.5,-3.14,-1.95,,,0.23,-0.71,-2.44,,,0.85,,-1.26,-2.3,-0.35,,,-3.61,-2.53,-5.35,-1.9,4.8,-3.35,-4.7,-3,,-3.85,,,-1.13,,-1.25,-5.4,-3.55,,,4.65,,,1.65,-5.1,-3.83,,-4.1,-0.29,,,,3.75,,-4.2,-4.55,-3.01,,4.5,,-5.3,,0.08
,-3.3,,,-4.1,,2.1,,1.35,,-3.8,-2.47,-3.83,-3.6,-0.24,-1.23,-3.1,-4.5,-3.16,-1.85,,,0.23,-0.72,-2.47,,,0.25,,-1.23,-2.3,-0.31,,,-3.61,-2.43,-5.05,-1.8,4.8,-3.25,-4.7,-3,,-3.75,,,-1.09,,-2.25,-5.4,-3.45,,,4.15,,,1.35,-5.1,-3.83,,-4.1,-0.24,,,,0.35,,-4.2,-4.15,-3.01,,4.5,,-5.3,,0.06
,-3.05,,,-4.3,,2,,1.25,,-3.9,-2.48,-3.83,-3.25,-0.21,-1.17,-3,-4.4,-3.17,-1.45,,,0.25,-0.75,-2.48,,,0.15,,-1.17,-2.25,-0.28,,,-3.61,-2.38,-4.65,-1.7,4.5,-3.15,-4.6,-2.8,,-3.7,,,-1.05,,-2.35,-5.5,-3.1,,,4.1,,,1.25,-5,-3.83,,-4.3,-0.21,,,,0.25,,-4.1,-4.1,-3.01,,4.4,,-5.2,,0.03
,-2.85,,,-4.3,,1.89,,0.55,,-3.9,-2.51,-3.83,-3.15,-0.19,-1.08,-3,-4.4,-3.19,-1.35,,,0.28,-0.78,-2.51,,,-0.15,,-1.08,-1.85,-0.26,,,-3.61,-2.23,-4.55,-1.6,4.5,-2.55,-4.6,-2.8,,-3.7,,,-1.02,,-3.45,-5.5,-3.1,,,4.1,,,0.55,-5,-3.83,,-4.3,-0.19,,,,0.15,,-4.1,-4.1,-3.01,,4.4,,-5.2,,0
,-2.8,,,-4.4,,1.73,,0.45,,-3.8,-2.51,-3.83,-3.1,-0.18,-1.05,-2.8,-4.3,-3.22,-1.15,,,0.28,-0.8,-2.51,,,-0.25,,-1.05,-1.8,-0.24,,,-3.61,-2.23,-4.45,-1.4,3.95,-2.15,-4.5,-2.7,,-3.6,,,-0.98,,-3.55,-5.4,-3,,,3.85,,,0.45,-4.9,-3.83,,-4.4,-0.18,,,,0,,-3.9,-3.85,-2.99,,3.85,,-5.1,,-0.06
,-2.8,,,-4.4,,1.35,,0.25,,-3.8,-2.54,-3.83,-3.1,-0.16,-1,-2.8,-4.3,-3.25,-1.05,,,0.3,-0.84,-2.54,,,-0.85,,-1,-1.8,-0.22,,,-3.61,-2.18,-4.15,-1.3,3.85,-2.05,-4.5,-2.7,,-3.6,,,-0.86,,-3.65,-5.4,-3,,,3.65,,,0.25,-4.9,-3.83,,-4.4,-0.16,,,,0,,-3.9,-3.05,-2.99,,3.75,,-5.1,,-0.11
,-2.6,,,-4.3,,1.03,,0.05,,-3.7,-2.57,-3.83,-2.65,-0.1,-0.88,-2.7,-3.85,-3.26,-1,,,0.32,-0.86,-2.57,,,-0.95,,-0.88,-1.75,-0.2,,,-3.61,-2.13,-3.8,-1.1,3.65,-2,-4.3,-2.6,,-3.3,,,-0.82,,-4.05,-5.3,-2.65,,,3.55,,,0.05,-4.8,-3.83,,-4.3,-0.1,,,,-0.15,,-3.8,-3,-2.99,,3.65,,-5,,-0.14
,,,,-4.3,,0.74,,-0.95,,-3.7,-2.62,-3.83,-2.55,-0.06,-0.85,-2.7,-3.75,-3.28,,,,0.34,-0.9,-2.62,,,-1.35,,-0.85,-1.35,-0.17,,,-3.61,-2.08,-3.8,-1,3.55,,-4.3,-2.6,,-3.3,,,-0.74,,-4.15,-5.3,-2.55,,,-4.55,,,-0.95,-4.8,-3.83,,-4.3,-0.06,,,,-0.65,,-3.8,-3,-2.99,,3.55,,-5,,-0.17
,,,,-4,,0.32,,-1.05,,-3.6,-2.63,-3.83,-2.45,-0.02,-0.79,-2.35,-3.65,-3.29,,,,0.37,-0.9,-2.63,,,-1.45,,-0.79,-1.25,-0.15,,,-3.61,-2.03,-3.35,-1,3.45,,-4.2,-2.4,,-3.05,,,-0.7,,-4.3,-5.2,-2.45,,,-4.9,,,-1.05,-4.7,-3.83,,-4,-0.02,,,,-0.75,,-3.6,-2.6,-2.99,,3.5,,-4.9,,-0.22
,,,,-4,,-0.07,,-1.15,,-3.6,-2.65,-3.83,-2.35,0.05,-0.76,-2.25,-3.55,-3.31,,,,0.37,-0.94,-2.65,,,-1.65,,-0.76,-0.75,-0.13,,,-3.61,-2.03,-3.25,-1.1,3.35,,-4.2,-2.4,,-2.95,,,-0.62,,-4.3,-5.2,-1.95,,,-4.9,,,-1.15,-4.7,-3.83,,-4,0.05,,,,-0.85,,-3.6,-2.6,-2.99,,3.5,,-4.9,,-0.25
,,,,-3.9,,-0.68,,-1.5,,-3.5,-2.65,-3.83,-2.15,0.06,-0.76,-2.15,-3.15,-3.35,,,,0.39,-0.96,-2.65,,,-1.75,,-0.76,-0.7,-0.09,,,-3.61,-1.98,-3.15,-1.3,3.25,,-3.75,-1.8,,-2.9,,,-0.59,,-4.4,-5.1,-1.55,,,-4.95,,,-1.5,-4.3,-3.83,,-3.9,0.06,,,,-1,,-3.5,-2.35,-2.99,,3.4,,-4.8,,-0.28
,,,,-3.9,,-1.05,,-1.5,,-3.5,-2.66,-3.88,-2.05,0.11,-0.73,-1.65,-3.05,-3.37,,,,0.41,-0.99,-2.66,,,-1.95,,-0.73,-0.7,-0.07,,,-3.61,-1.93,-2.95,-1.4,3.15,,-3.65,-1.8,,-2.9,,,-0.55,,-4.4,-5.1,-1.45,,,-5.35,,,-1.5,-4.3,-3.88,,-3.9,0.11,,,,-1,,-3.5,-1.55,-2.99,,3.4,,-4.8,,-0.3
,,,,-3.5,,-1.55,,-1.7,,-3.3,-2.69,-3.88,-1.95,0.16,-0.64,-1.25,-2.85,-3.37,,,,0.41,-1.01,-2.69,,,-2.05,,-0.64,-0.65,-0.04,,,-3.61,-1.87,-2.9,-1.75,3.05,,-3.55,-1.5,,-2.55,,,-0.47,,-4.5,-4.9,-1.4,,,-5.6,,,-1.7,-4.2,-3.88,,-3.5,0.16,,,,-1.15,,-3.4,-1.5,-2.97,,2.95,,-4.7,,-0.33
,,,,-3.5,,-1.93,,-1.7,,-3.3,-2.69,-3.88,-1.85,0.23,-0.56,-1.15,-2.75,-3.37,,,,0.48,-1.03,-2.69,,,-2.15,,-0.56,-0.25,-0.02,,,-3.58,-1.82,-2.9,-1.75,2.75,,-2.95,-1.5,,-2.45,,,-0.35,,-4.5,-4.9,,,,-5.6,,,-1.7,-4.2,-3.88,,-3.5,0.23,,,,-1.65,,-3.4,-1.5,-2.97,,2.85,,-4.7,,-0.36
,,,,-3.15,,-1.98,,-1.8,,-3.2,-2.71,-3.88,-1.75,0.28,-0.5,-1.1,-2.65,-3.38,,,,0.94,-1.07,-2.71,,,-2.25,,-0.5,-0.15,0,,,-3.58,-1.77,-2.8,-1.85,2.65,,-2.55,-1.15,,-2.4,,,-0.31,,-4.6,-4.8,,,,-5.8,,,-1.8,-4.1,-3.88,,-3.15,0.28,,,,-1.75,,-3.3,-1.3,-2.97,,2.75,,-4.6,,-0.39
,,,,-3.05,,-1.98,,-1.8,,-3.2,-2.71,-3.88,-1.65,0.34,-0.47,,-2.55,-3.4,,,,1.95,-1.09,-2.71,,,-2.45,,-0.47,0.95,0,,,-3.58,-1.77,-2.8,-1.85,1.85,,-2.45,-1.05,,-2.4,,,-0.23,,-4.6,-4.8,,,,-5.8,,,-1.8,-4.1,-3.88,,-3.05,0.34,,,,-1.85,,-3.3,,-2.97,,-1.75,,-4.6,,-0.41
,,,,-3,,-1.98,,-1.9,,-3,-2.72,-3.88,-1.45,0.36,-0.38,,-2.45,-3.4,,,,2.55,-1.11,-2.72,,,-2.55,,-0.38,1,0.02,,,-3.61,-1.72,-2.35,-1.95,1.75,,-2.4,-0.85,,-2.05,,,-0.16,,-4.7,-4.45,,,,-5.7,,,-1.9,-3.85,-3.88,,-3,0.36,,,,-2,,-3.1,,-2.97,,-1.85,,-4.5,,-0.47
,,,,,,-2,,-1.9,,-3,-2.72,-3.88,-1.35,0.39,-0.35,,-2.35,-3.4,,,,3.08,-1.13,-2.72,,,-2.65,,-0.35,,0.02,,,-3.61,-1.67,-2.25,-1.95,1.25,,,-0.65,,-1.95,,,-0.12,,-4.7,-4.35,,,,-5.7,,,-1.9,-3.75,-3.88,,,0.39,,,,-2,,-3.1,,-2.97,,-1.95,,-4.5,,-0.55
,,,,,,-2.03,,-2.05,,-2.55,-2.72,-3.88,-1.25,0.42,-0.23,,-2.25,-3.41,,,,3.42,-1.15,-2.72,,,-2.75,,-0.23,,0.04,,,-3.61,-1.62,-2.2,-1.85,1.15,,,-0.55,,-1.9,,,0,,-4.8,-3.85,,,,-5.8,,,-2.05,-3.65,-3.88,,,0.42,,,,-2.15,,-3,,-2.97,,-2.4,,-4.4,,-0.58
,,,,,,-2.03,,-2.35,,-2.45,-2.72,-3.88,-1.05,0.47,-0.09,,-2.15,-3.41,,,,3.56,-1.17,-2.72,,,-2.85,,-0.09,,0.04,,,-3.61,-1.52,,-1.85,0.15,,,-0.45,,-1.9,,,0.04,,-4.8,-3.75,,,,-5.8,,,-2.35,-3.55,-3.88,,,0.47,,,,-2.55,,-3,,-2.97,,-2.4,,-4.4,,-0.64
,,,,,,-2.03,,-2.45,,-2.15,-2.72,-3.88,-0.95,0.5,0.03,,-2.05,-3.4,,,,3.58,-1.21,-2.72,,,-2.95,,0.03,,0.07,,,-3.61,-1.42,,-1.75,0.05,,,-0.4,,-1.55,,,0.12,,-4.9,-3.65,,,,-5.7,,,-2.45,-3.5,-3.88,,,0.5,,,,-2.65,,-2.85,,-2.97,,-2.5,,-4.3,,-0.66
,,,,,,-2.03,,-2.55,,-2.05,-2.72,-3.88,-0.35,0.52,0.15,,-1.85,-3.4,,,,3.47,-1.21,-2.72,,,-3.15,,0.15,,0.09,,,-3.61,-1.32,,-1.75,-0.05,,,,,-0.85,,,0.16,,-4.9,-3.45,,,,-5.7,,,-2.55,-3.5,-3.88,,,0.52,,,,-2.75,,-2.75,,-2.97,,-2.5,,-4.3,,-0.72
,,,,,,-2.05,,-2.9,,-1.95,-2.74,-3.83,-0.3,0.57,0.18,,-1.75,-3.41,,,,3.05,-1.22,-2.74,,,-3.25,,0.18,,0.11,,,-3.63,-1.27,,-1.65,-0.35,,,,,-0.8,,,0.35,,-4.8,-3.15,,,,-5.6,,,-2.9,-3.25,-3.83,,,0.57,,,,-2.9,,-2.5,,-2.97,,-2.4,,-4.2,,-0.75
,,,,,,-2.07,,-2.9,,-1.85,-2.75,-3.83,-0.2,0.58,0.23,,-1.55,-3.43,,,,2.57,-1.29,-2.75,,,-3.45,,0.23,,0.11,,,-3.63,-1.22,,-1.65,-0.65,,,,,-0.8,,,0.39,,-4.8,-3.05,,,,-5.6,,,-2.9,-3.15,-3.83,,,0.58,,,,-2.9,,-2.5,,-2.97,,-2.4,,-4.2,,-0.8
,,,,,,-2.1,,-3,,-1.8,-2.75,-3.83,-0.15,0.62,0.32,,-1.45,-3.44,,,,2.55,-1.62,-2.75,,,-3.55,,0.32,,0.13,,,-3.63,-1.22,,-1.2,-0.75,,,,,-0.55,,,0.43,,-4.7,-2.95,,,,-5.5,,,-3,-3.05,-3.83,,,0.62,,,,-2.95,,-2.35,,-2.97,,-2.3,,-4.1,,-0.83
,,,,,,-2.1,,-3,,,-2.75,-3.83,-0.05,0.62,0.38,,-1.25,-3.44,,,,2.52,-1.64,-2.75,,,-3.65,,0.38,,0.15,,,-3.63,-1.17,,-1.1,-0.85,,,,,-0.05,,,0.51,,-4.7,-2.45,,,,-5.5,,,-3,-2.95,-3.83,,,0.62,,,,-3.45,,-2.25,,-2.97,,-2.3,,-4.1,,-0.89
,,,,,,-2.12,,-3.1,,,-2.75,-3.83,0.05,0.63,0.44,,-1.15,-3.46,,,,2.5,,-2.75,,,-4.1,,0.44,,0.15,,,-3.63,-1.11,,-0.9,-1.3,,,,,0,,,0.55,,-4.6,-2.05,,,,-5.25,,,-3.1,-2.9,-3.83,,,0.63,,,,-3.55,,-2.15,,-2.97,,-2.4,,-3.6,,-0.91
,,,,,,-2.12,,-3.1,,,-2.75,-3.83,0.85,0.65,0.53,,-0.85,-3.47,,,,2.48,,-2.75,,,-4.1,,0.53,,0.2,,,-3.63,-1.06,,-0.8,-1.3,,,,,,,,0.66,,-4.6,-1.95,,,,-5.05,,,-3.1,-2.9,-3.83,,,0.65,,,,-3.65,,-1.65,,-2.97,,-2.4,,-3.6,,-0.94
,,,,,,-2.14,,-3.2,,,-2.75,-3.83,0.9,0.68,0.64,,-0.75,-3.5,,,,2.46,,-2.75,,,-4.2,,0.64,,0.24,,,-3.63,-1.01,,-0.6,-1.45,,,,,,,,0.7,,-4.5,-1.85,,,,-5,,,-3.2,-2.6,-3.83,,,0.68,,,,-3.9,,-1.5,,-2.97,,-2.5,,-3.4,,-0.97
,,,,,,-2.14,,-3.2,,,-2.75,-3.83,1,0.7,0.7,,-0.45,-3.5,,,,2.43,,-2.75,,,-4.2,,0.7,,0.28,,,-3.7,-0.96,,-0.5,-1.55,,,,,,,,0.74,,-4.5,-0.65,,,,-5,,,-3.2,-2.6,-3.83,,,0.7,,,,-3.9,,-1.5,,-2.97,,-2.5,,-3.4,,-1
,,,,,,-2.14,,-3.25,,,-2.77,-3.83,,0.73,0.73,,-0.35,-3.52,,,,2.41,,-2.77,,,-4.4,,0.73,,0.35,,,-3.7,-0.91,,-0.4,-1.65,,,,,,,,0.78,,-4.4,-0.6,,,,-4.75,,,-3.25,-2.5,-3.83,,,0.73,,,,-4.05,,-1.35,,-2.97,,-2.6,,-3.3,,-1.02
,,,,,,-2.17,,-3.75,,,-2.77,-3.83,,0.75,0.73,,0.65,-3.52,,,,2.39,,-2.77,,,-4.4,,0.73,,0.37,,,-3.68,-0.86,,-0.3,-1.75,,,,,,,,0.9,,-4.4,,,,,-4.75,,,-3.75,-2.5,-3.83,,,0.75,,,,-4.15,,-1.25,,-2.97,,-2.6,,-3.3,,-1.05
,,,,,,-2.19,,-4.1,,,-2.77,-3.83,,0.79,0.85,,0.7,-3.52,,,,2.36,,-2.77,,,-4.5,,0.85,,0.42,,,-3.65,-0.81,,-0.2,-2.15,,,,,,,,0.98,,-4.3,,,,,-5,,,-4.1,-2.15,-3.83,,,0.79,,,,-4.3,,-1.2,,-2.97,,-2.7,,-2.4,,-1.08
,,,,,,-2.19,,-4.1,,,-2.77,-3.83,,0.84,0.97,,,-3.52,,,,2.34,,-2.77,,,-4.5,,0.97,,0.46,,,-3.63,-0.76,,-0.1,-2.35,,,,,,,,1.09,,-4.3,,,,,-5,,,-4.1,-2.05,-3.83,,,0.84,,,,-4.3,,,,-2.94,,-2.7,,-2.4,,-1.11
,,,,,,-2.19,,-4.2,,,-2.79,-3.83,,0.86,1.08,,,-3.52,,,,2.34,,-2.79,,,-4.4,,1.08,,0.5,,,-3.58,-0.71,,0,-2.45,,,,,,,,1.17,,-3.9,,,,,-5.2,,,-4.2,-2,-3.83,,,0.86,,,,-4.4,,,,-2.94,,-2.8,,-1.95,,-1.13
,,,,,,-2.21,,-4.2,,,-2.79,-3.83,,0.88,1.2,,,-3.53,,,,2.32,,-2.79,,,-4.4,,1.2,,0.57,,,-3.56,-0.61,,0.1,-2.55,,,,,,,,1.21,,-3.9,,,,,-5.2,,,-4.2,,-3.83,,,0.88,,,,-4.4,,,,-2.94,,-2.8,,-1.85,,-1.24
,,,,,,-2.21,,-4.3,,,-2.79,-3.83,,0.89,1.32,,,-3.53,,,,2.29,,-2.79,,,-4.3,,1.32,,0.59,,,-3.56,-0.56,,0.2,-3,,,,,,,,1.21,,-3.8,,,,,-5.4,,,-4.3,,-3.83,,,0.89,,,,-4.6,,,,-2.94,,-2.9,,-1.75,,-1.36
,,,,,,-2.21,,-4.3,,,-2.79,-3.79,,0.91,1.38,,,-3.54,,,,2.27,,-2.79,,,-4.3,,1.38,,0.61,,,-3.53,-0.46,,0.8,-3,,,,,,,,1.37,,-3.8,,,,,-5.4,,,-4.3,,-3.79,,,0.91,,,,-4.6,,,,-2.94,,-2.9,,-1.65,,-1.38
,,,,,,-2.24,,-4.4,,,-2.8,-3.01,,0.92,1.49,,,-3.56,,,,2.25,,-2.8,,,-4.2,,1.49,,0.63,,,-3.53,-0.41,,0.9,-3.05,,,,,,,,1.41,,-3.55,,,,,-5.3,,,-4.4,,-3.01,,,0.92,,,,-4.7,,,,-2.94,,-3,,-1.55,,-1.41
,,,,,,-2.24,,-4.4,,,-2.8,-2.01,,0.92,1.52,,,-3.56,,,,2.23,,-2.8,,,-4.2,,1.52,,0.68,,,-3.53,-0.41,,1.5,-3.15,,,,,,,,1.52,,-3.45,,,,,-5.3,,,-4.4,,-2.01,,,0.92,,,,-4.7,,,,-2.94,,-3,,-1.05,,-1.44
,,,,,,-2.26,,-4.5,,,-2.8,-0.59,,0.96,1.61,,,-3.56,,,,2.2,,-2.8,,,-4.1,,1.61,,0.68,,,-3.53,-0.35,,1.6,-3.25,,,,,,,,1.56,,-3.35,,,,,-5.5,,,-4.5,,-0.59,,,0.96,,,,-4.85,,,,-2.94,,-3.1,,-0.95,,-1.47
,,,,,,-2.28,,-4.5,,,-2.82,-0.55,,0.97,1.64,,,-3.56,,,,2.18,,-2.82,,,-4.1,,1.64,,0.7,,,-3.51,-0.3,,2.2,-3.35,,,,,,,,1.64,,-3.25,,,,,-5.5,,,-4.5,,-0.55,,,0.97,,,,-4.95,,,,-2.94,,-3.1,,-0.15,,-1.55
,,,,,,-2.28,,-4.6,,,-2.82,-0.41,,0.99,1.7,,,-3.56,,,,2.16,,-2.82,,,-4,,1.7,,0.72,,,-3.49,-0.25,,2.3,-3.9,,,,,,,,1.68,,-3.15,,,,,-5.7,,,-4.6,,-0.41,,,0.99,,,,-5.05,,,,-2.94,,-3.2,,-0.1,,-1.58
,,,,,,-2.28,,-4.6,,,-2.82,-0.32,,1,1.73,,,-3.56,,,,2.13,,-2.82,,,-4,,1.73,,0.74,,,-3.46,-0.2,,2.7,-3.9,,,,,,,,1.76,,-3.05,,,,,-5.7,,,-4.6,,-0.32,,,1,,,,-5.15,,,,-2.94,,-3.2,,,,-1.6
,,,,,,-2.31,,-4.7,,,-2.82,-0.27,,1.02,1.82,,,-3.56,,,,2.11,,-2.82,,,-3.9,,1.82,,0.76,,,-3.44,-0.15,,2.8,-4,,,,,,,,1.8,,-2.9,,,,,-5.8,,,-4.7,,-0.27,,,1.02,,,,-5.3,,,,-2.94,,-3.1,,,,-1.63
,,,,,,-2.31,,-4.7,,,-2.82,-0.14,,1.04,1.88,,,-3.56,,,,2.09,,-2.82,,,-3.9,,1.88,,0.76,,,-3.42,-0.1,,3.3,-4,,,,,,,,1.91,,-2.9,,,,,-5.8,,,-4.7,,-0.14,,,1.04,,,,-5.3,,,,-2.92,,-3.1,,,,-1.66
,,,,,,-2.33,,-4.8,,,-2.82,0,,1.04,1.9,,,-3.56,,,,2.09,,-2.82,,,-3.8,,1.9,,0.76,,,-3.39,-0.05,,3.4,-4.1,,,,,,,,1.95,,-2.75,,,,,-5.9,,,-4.8,,0,,,1.04,,,,-5.4,,,,-2.92,,-3,,,,-1.66
,,,,,,-2.33,,-4.8,,,-2.82,0.05,,1.07,1.93,,,-3.59,,,,2.07,,-2.82,,,-3.8,,1.93,,0.81,,,-3.32,0,,3.5,-4.1,,,,,,,,2.03,,-2.65,,,,,-5.9,,,-4.8,,0.05,,,1.07,,,,-5.4,,,,-2.92,,-3,,,,-1.69
,,,,,,-2.33,,-4.9,,,-2.79,0.09,,1.09,1.96,,,-3.59,,,,2.04,,-2.79,,,-3.7,,1.96,,0.87,,,-3.3,0.05,,3.95,-4.2,,,,,,,,2.07,,-2.55,,,,,-5.8,,,-4.9,,0.09,,,1.09,,,,-5.6,,,,-2.92,,-2.9,,,,-1.72
,,,,,,-2.35,,-4.9,,,-2.79,0.18,,1.1,2.11,,,-3.59,,,,2.02,,-2.79,,,-3.7,,2.11,,0.9,,,-3.28,0.1,,3.95,-4.2,,,,,,,,2.11,,-2.45,,,,,-5.8,,,-4.9,,0.18,,,1.1,,,,-5.6,,,,-2.92,,-2.9,,,,-1.74
,,,,,,-2.35,,-5,,,-2.77,0.23,,1.1,2.23,,,-3.59,,,,2,,-2.77,,,-3.6,,2.23,,0.94,,,-3.2,0.15,,4.15,-4.3,,,,,,,,2.23,,-2.35,,,,,-6.1,,,-5,,0.23,,,1.1,,,,-5.7,,,,-2.92,,-3,,,,-1.74
,,,,,,-2.35,,-5,,,-2.77,0.27,,1.11,2.23,,,-3.59,,,,1.77,,-2.77,,,-3.6,,2.23,,0.94,,,-3.13,0.2,,4.15,-4.3,,,,,,,,2.3,,-2.25,,,,,-6.1,,,-5,,0.27,,,1.11,,,,-5.7,,,,-2.9,,-3,,,,-1.77
,,,,,,-2.38,,-5.1,,,-2.77,0.37,,1.11,2.32,,,-3.59,,,,1.74,,-2.77,,,-3.5,,2.32,,0.96,,,-3.11,0.25,,4.25,-4.4,,,,,,,,2.3,,-2.15,,,,,-6.2,,,-5.1,,0.37,,,1.11,,,,-5.6,,,,-2.9,,-3.1,,,,-1.8
,,,,,,-2.38,,-5.1,,,-2.74,0.37,,1.13,2.43,,,-3.59,,,,1.72,,-2.74,,,-3.5,,2.43,,0.96,,,-3.04,0.3,,4.25,-4.4,,,,,,,,2.34,,-2.05,,,,,-6.2,,,-5.1,,0.37,,,1.13,,,,-5.6,,,,-2.9,,-3.1,,,,-1.83
,,,,,,-2.38,,-5.2,,,-2.74,0.41,,1.15,2.55,,,-3.59,,,,1.7,,-2.74,,,-3.4,,2.55,,1.01,,,-3.04,0.41,,4.35,-4.5,,,,,,,,2.34,,-1.95,,,,,-6.1,,,-5.2,,0.41,,,1.15,,,,-5.4,,,,-2.9,,-3,,,,-1.83
,,,,,,-2.4,,-5.2,,,-2.72,0.5,,1.15,2.61,,,-3.59,,,,1.68,,-2.72,,,-3.4,,2.61,,1.01,,,-3.04,0.51,,4.35,-4.5,,,,,,,,2.38,,-1.65,,,,,-6.1,,,-5.2,,0.5,,,1.15,,,,-5.4,,,,-2.9,,-3,,,,-1.85
,,,,,,-2.4,,-5.3,,,-2.71,0.55,,1.18,2.7,,,-3.6,,,,1.65,,-2.71,,,-3.25,,2.7,,1.03,,,-3.04,0.61,,4.45,-4.6,,,,,,,,2.38,,-1.55,,,,,-5.75,,,-5.3,,0.55,,,1.18,,,,-5.3,,,,-2.9,,-2.9,,,,-1.85
,,,,,,-2.4,,-5.3,,,-2.68,0.64,,1.21,2.73,,,-3.6,,,,1.63,,-2.68,,,-3.15,,2.73,,1.05,,,-3.02,0.66,,4.45,-4.6,,,,,,,,2.34,,-1.35,,,,,-5.25,,,-5.3,,0.64,,,1.21,,,,-5.3,,,,-2.9,,-2.9,,,,-1.88
,,,,,,-2.42,,-5.4,,,-2.66,0.68,,1.23,2.81,,,-3.6,,,,1.61,,-2.66,,,-3.1,,2.81,,1.03,,,-2.99,0.71,,4.55,-4.7,,,,,,,,2.34,,-1.25,,,,,-5.2,,,-5.4,,0.68,,,1.23,,,,-5.15,,,,-2.9,,-3.1,,,,-1.91
,,,,,,-2.45,,-5.4,,,-2.65,0.73,,1.23,2.9,,,-3.6,,,,1.58,,-2.65,,,-3.1,,2.9,,1.05,,,-2.99,0.76,,4.55,-4.7,,,,,,,,2.38,,-0.95,,,,,-5.2,,,-5.4,,0.73,,,1.23,,,,-5.05,,,,-2.9,,-3.1,,,,-1.94
,,,,,,-2.45,,-4.95,,,-2.62,3.33,,1.25,2.96,,,-3.6,,,,1.56,,-2.62,,,-3,,2.96,,1.07,,,-2.78,0.81,,4.65,-4.8,,,,,,,,2.42,,-0.85,,,,,-4.95,,,-4.95,,3.33,,,1.25,,,,-5,,,,-2.9,,-3.2,,,,-1.94
,,,,,,-2.47,,-4.85,,,-2.62,3.33,,1.26,2.96,,,-3.6,,,,1.47,,-2.62,,,-3,,2.96,,1.09,,,-2.78,0.86,,4.65,-4.8,,,,,,,,2.46,,-0.55,,,,,-4.35,,,-4.85,,3.33,,,1.26,,,,-5,,,,-2.9,,-3.2,,,,-1.96
,,,,,,-2.47,,-4.5,,,-2.62,3.42,,1.26,3.02,,,-3.6,,,,1.47,,-2.62,,,-2.9,,3.02,,1.11,,,-2.76,0.96,,4.55,-4.9,,,,,,,,2.46,,-0.45,,,,,-4.3,,,-4.5,,3.42,,,1.26,,,,-4.9,,,,-2.9,,-3.1,,,,-1.96
,,,,,,-2.47,,-4.5,,,-2.6,3.47,,1.28,3.05,,,-3.6,,,,1.47,,-2.6,,,-2.9,,3.05,,1.14,,,-2.76,1.01,,4.55,-4.9,,,,,,,,2.5,,-0.15,,,,,,,,-4.5,,3.47,,,1.28,,,,-4.9,,,,-2.9,,-3.1,,,,-1.99
,,,,,,-2.49,,-4.15,,,-2.59,3.47,,1.3,3.11,,,-3.6,,,,1.45,,-2.59,,,-2.8,,3.11,,1.16,,,-2.69,1.11,,4.45,-5,,,,,,,,2.5,,-0.1,,,,,,,,-4.15,,3.47,,,1.3,,,,-4.75,,,,-2.9,,-3.05,,,,-1.99
,,,,,,-2.49,,-4.05,,,-2.57,3.51,,1.33,3.14,,,-3.6,,,,1.4,,-2.57,,,-2.8,,3.14,,1.18,,,-2.66,1.17,,4.45,-5,,,,,,,,2.54,,,,,,,,,,-4.05,,3.51,,,1.33,,,,-4.65,,,,-2.9,,-3.05,,,,-2.02
,,,,,,-2.49,,-3.95,,,-2.54,3.51,,1.35,3.16,,,-3.6,,,,1.38,,-2.54,,,-2.55,,3.16,,1.2,,,-2.64,1.22,,4.35,-5.1,,,,,,,,2.58,,,,,,,,,,-3.95,,3.51,,,1.35,,,,-4.55,,,,-2.9,,-3.1,,,,-2.02
,,,,,,-2.52,,-3.85,,,-2.53,3.56,,1.35,3.16,,,-3.6,,,,1.35,,-2.53,,,-2.45,,3.16,,1.22,,,-2.62,1.27,,4.35,-5.1,,,,,,,,2.58,,,,,,,,,,-3.85,,3.56,,,1.35,,,,-3.95,,,,-2.9,,-3.1,,,,-2.05
,,,,,,-2.54,,-3.75,,,-2.48,3.56,,1.35,3.16,,,-3.6,,,,1.33,,-2.48,,,-2.35,,3.16,,1.22,,,-2.59,1.37,,4.25,-5.2,,,,,,,,2.62,,,,,,,,,,-3.75,,3.56,,,1.35,,,,-3.8,,,,-2.9,,-3.4,,,,-2.05
,,,,,,-2.54,,-3.35,,,-2.45,3.61,,1.36,3.08,,,-3.6,,,,1.31,,-2.45,,,-2.25,,3.08,,1.25,,,-2.54,1.42,,4.25,-5.2,,,,,,,,2.62,,,,,,,,,,-3.35,,3.61,,,1.36,,,,-3.8,,,,-2.9,,-3.4,,,,-2.05
,,,,,,-2.54,,-3.15,,,-2.45,3.61,,1.38,2.87,,,-3.6,,,,1.29,,-2.45,,,-2.2,,2.87,,1.29,,,-2.52,1.47,,4.15,-5.3,,,,,,,,2.62,,,,,,,,,,-3.15,,3.61,,,1.38,,,,-3.65,,,,-2.9,,-3.5,,,,-2.07
,,,,,,-2.54,,-3.05,,,-2.45,3.88,,1.38,2.58,,,-3.62,,,,1.26,,-2.45,,,-2.2,,2.58,,1.31,,,-2.5,1.52,,4.15,-5.3,,,,,,,,2.62,,,,,,,,,,-3.05,,3.88,,,1.38,,,,-3.55,,,,-2.9,,-3.5,,,,-2.07
,,,,,,-2.54,,-2.95,,,-2.44,4.02,,1.4,2.11,,,-3.62,,,,1.24,,-2.44,,,-2.05,,2.11,,1.35,,,-2.5,1.62,,4.05,-5.4,,,,,,,,2.66,,,,,,,,,,-2.95,,4.02,,,1.4,,,,-3.5,,,,-2.9,,-3.6,,,,-2.1
,,,,,,-2.54,,-2.25,,,-2.44,3.33,,1.41,1.88,,,-3.62,,,,1.22,,-2.44,,,-1.95,,1.88,,1.35,,,0.85,1.67,,4.05,-5.4,,,,,,,,2.66,,,,,,,,,,-2.25,,3.33,,,1.41,,,,,,,,-2.9,,-3.6,,,,-2.1
,,,,,,-2.54,,-2.2,,,-2.44,1.51,,1.43,1.88,,,-3.62,,,,1.19,,-2.44,,,-1.9,,1.88,,1.38,,,0.95,1.72,,3.85,-5.5,,,,,,,,2.69,,,,,,,,,,-2.2,,1.51,,,1.43,,,,,,,,-2.9,,-3.65,,,,-2.1
,,,,,,-2.59,,,,,-2.44,1.55,,1.45,1.88,,,-3.63,,,,1.17,,-2.44,,,,,1.88,,1.38,,,1.55,1.77,,3.85,-5.5,,,,,,,,2.69,,,,,,,,,,,,1.55,,,1.45,,,,,,,,-2.9,,-3.95,,,,-2.13
,,,,,,-2.59,,,,,-2.44,,,1.45,1.88,,,-3.65,,,,1.17,,-2.44,,,,,1.88,,1.4,,,1.65,1.87,,3.75,-5.6,,,,,,,,2.73,,,,,,,,,,,,,,,1.45,,,,,,,,-2.9,,-4.05,,,,-2.13
,,,,,,-2.59,,,,,-2.44,,,1.46,1.85,,,-3.66,,,,1.15,,-2.44,,,,,1.85,,1.4,,,1.75,1.93,,3.75,-5.6,,,,,,,,2.73,,,,,,,,,,,,,,,1.46,,,,,,,,-2.9,,-4.15,,,,-2.16
,,,,,,-2.59,,,,,-2.44,,,1.46,1.82,,,-3.66,,,,1.12,,-2.44,,,,,1.82,,1.42,,,2.6,2.03,,3.65,-5.7,,,,,,,,2.73,,,,,,,,,,,,,,,1.46,,,,,,,,-2.9,,-4.6,,,,-2.16
,,,,,,-2.59,,,,,-2.42,,,1.48,1.79,,,-3.68,,,,1.12,,-2.42,,,,,1.79,,1.44,,,2.6,2.08,,3.65,-5.7,,,,,,,,2.77,,,,,,,,,,,,,,,1.48,,,,,,,,-2.9,,-4.6,,,,-2.16
,,,,,,-2.59,,,,,-2.42,,,1.5,1.79,,,-3.68,,,,1.1,,-2.42,,,,,1.79,,1.44,,,2.7,2.13,,3.55,-5.8,,,,,,,,2.77,,,,,,,,,,,,,,,1.5,,,,,,,,-2.92,,-4.7,,,,-2.19
,,,,,,-2.59,,,,,-2.42,,,1.51,1.76,,,-3.68,,,,1.08,,-2.42,,,,,1.76,,1.49,,,2.7,2.23,,3.55,-5.8,,,,,,,,2.77,,,,,,,,,,,,,,,1.51,,,,,,,,-2.92,,-4.7,,,,-2.21
,,,,,,-2.59,,,,,-2.41,,,1.51,1.73,,,-3.68,,,,1.06,,-2.41,,,,,1.73,,1.51,,,2.8,2.28,,3.65,-5.7,,,,,,,,2.85,,,,,,,,,,,,,,,1.51,,,,,,,,-2.92,,-5.2,,,,-2.21
,,,,,,-2.59,,,,,-2.41,,,1.51,1.7,,,-3.69,,,,1.03,,-2.41,,,,,1.7,,1.53,,,2.8,2.33,,3.65,-5.7,,,,,,,,2.85,,,,,,,,,,,,,,,1.51,,,,,,,,-2.92,,-5.2,,,,-2.21
,,,,,,-2.59,,,,,-2.39,,,1.51,1.7,,,-3.69,,,,1.01,,-2.39,,,,,1.7,,1.57,,,2.95,2.43,,3.85,-5.8,,,,,,,,2.85,,,,,,,,,,,,,,,1.51,,,,,,,,-2.92,,-5.3,,,,-2.24
,,,,,,-2.59,,,,,-2.39,,,1.53,1.64,,,-3.71,,,,0.99,,-2.39,,,,,1.64,,1.6,,,3.05,2.48,,3.85,-5.8,,,,,,,,2.85,,,,,,,,,,,,,,,1.53,,,,,,,,-2.92,,-5.3,,,,-2.24
,,,,,,-2.61,,,,,-2.36,,,1.53,1.61,,,-3.71,,,,0.96,,-2.36,,,,,1.61,,1.64,,,3.5,2.53,,3.95,-5.7,,,,,,,,2.85,,,,,,,,,,,,,,,1.53,,,,,,,,-2.92,,-5.2,,,,-2.27
,,,,,,-2.61,,,,,-2.35,,,1.53,1.58,,,-3.72,,,,0.94,,-2.35,,,,,1.58,,1.64,,,3.5,2.63,,3.95,-5.7,,,,,,,,2.85,,,,,,,,,,,,,,,1.53,,,,,,,,-2.92,,-5.2,,,,-2.3
,,,,,,-2.61,,,,,-2.32,,,1.53,1.52,,,-3.72,,,,0.92,,-2.32,,,,,1.52,,1.66,,,3.6,2.69,,4.05,-5.5,,,,,,,,2.85,,,,,,,,,,,,,,,1.53,,,,,,,,-2.92,,-5,,,,-2.3
,,,,,,-2.61,,,,,-2.3,,,1.53,1.49,,,-3.74,,,,0.9,,-2.3,,,,,1.49,,1.68,,,3.6,2.74,,4.05,-5.5,,,,,,,,2.89,,,,,,,,,,,,,,,1.53,,,,,,,,-2.92,,-5,,,,-2.32
,,,,,,-2.61,,,,,-2.27,,,1.53,1.44,,,-3.75,,,,0.9,,-2.27,,,,,1.44,,1.7,,,3.9,2.79,,4.15,-5.4,,,,,,,,2.89,,,,,,,,,,,,,,,1.53,,,,,,,,-2.92,,-4.9,,,,-2.35
,,,,,,-2.61,,,,,-2.26,,,1.53,1.41,,,-3.75,,,,0.87,,-2.26,,,,,1.41,,1.73,,,3.9,2.84,,4.15,-5.4,,,,,,,,2.89,,,,,,,,,,,,,,,1.53,,,,,,,,-2.92,,-4.9,,,,-2.35
,,,,,,-2.61,,,,,-2.26,,,1.53,1.38,,,-3.77,,,,0.85,,-2.26,,,,,1.38,,1.75,,,4,2.89,,4.25,-4.95,,,,,,,,2.89,,,,,,,,,,,,,,,1.53,,,,,,,,-2.92,,-4.45,,,,-2.35
,,,,,,-2.59,,,,,-2.26,,,1.53,1.29,,,-3.77,,,,0.83,,-2.26,,,,,1.29,,1.77,,,4,2.94,,4.25,-4.85,,,,,,,,2.89,,,,,,,,,,,,,,,1.53,,,,,,,,-2.92,,-4.35,,,,-2.38
,,,,,,-2.59,,,,,-2.24,,,1.53,1.2,,,-3.77,,,,0.8,,-2.24,,,,,1.2,,1.79,,,3.9,2.99,,4.35,-4.75,,,,,,,,2.89,,,,,,,,,,,,,,,1.53,,,,,,,,-2.92,,-4.25,,,,-2.38
,,,,,,-2.59,,,,,-2.23,,,1.53,1.11,,,-3.77,,,,0.78,,-2.23,,,,,1.11,,1.79,,,3.9,3.04,,4.35,-4.65,,,,,,,,2.89,,,,,,,,,,,,,,,1.53,,,,,,,,-2.94,,-3.75,,,,-2.41
,,,,,,-2.59,,,,,-2.23,,,1.53,1.05,,,-3.75,,,,0.76,,-2.23,,,,,1.05,,1.81,,,3.7,3.09,,4.45,-4.45,,,,,,,,2.89,,,,,,,,,,,,,,,1.53,,,,,,,,-2.94,,-3.35,,,,-2.43
,,,,,,-2.59,,,,,-2.18,,,1.53,1,,,-3.75,,,,0.73,,-2.18,,,,,1,,1.81,,,3.7,3.14,,4.45,-4.35,,,,,,,,2.89,,,,,,,,,,,,,,,1.53,,,,,,,,-2.94,,-3.25,,,,-2.43
,,,,,,-2.56,,,,,-2.15,,,1.53,0.88,,,-3.75,,,,0.71,,-2.15,,,,,0.88,,1.79,,,3.6,3.19,,4.35,-4.25,,,,,,,,2.89,,,,,,,,,,,,,,,1.53,,,,,,,,-2.97,,-2.75,,,,-2.43
,,,,,,-2.56,,,,,-2.15,,,1.53,0.82,,,-3.75,,,,0.69,,-2.15,,,,,0.82,,1.79,,,3.6,3.29,,4.35,-4.15,,,,,,,,2.89,,,,,,,,,,,,,,,1.53,,,,,,,,-2.97,,-2.65,,,,-2.43
,,,,,,-2.56,,,,,-2.13,,,1.53,0.62,,,-3.75,,,,0.67,,-2.13,,,,,0.62,,1.77,,,3.5,3.34,,4.25,-4.05,,,,,,,,2.85,,,,,,,,,,,,,,,1.53,,,,,,,,-2.99,,-2.55,,,,-2.46
,,,,,,-2.56,,,,,-2.1,,,1.53,0.59,,,-3.75,,,,0.64,,-2.1,,,,,0.59,,1.73,,,3.5,3.45,,4.25,-3.75,,,,,,,,2.85,,,,,,,,,,,,,,,1.53,,,,,,,,-2.99,,-1.55,,,,-2.46
,,,,,,-2.56,,,,,-2.09,,,1.53,0.47,,,-3.75,,,,0.62,,-2.09,,,,,0.47,,1.64,,,3.4,3.5,,4.15,-3.7,,,,,,,,2.85,,,,,,,,,,,,,,,1.53,,,,,,,,-2.99,,-1.25,,,,-2.49
,,,,,,-2.56,,,,,-2.07,,,1.53,0.35,,,-3.75,,,,0.6,,-2.07,,,,,0.35,,1.55,,,3.4,3.5,,4.15,,,,,,,,,2.85,,,,,,,,,,,,,,,1.53,,,,,,,,-2.99,,-1.15,,,,-2.49
,,,,,,-2.54,,,,,-2.07,,,1.53,0.23,,,-3.75,,,,0.57,,-2.07,,,,,0.23,,1.49,,,2.35,3.55,,4.05,,,,,,,,,2.85,,,,,,,,,,,,,,,1.53,,,,,,,,-2.99,,-1.1,,,,-2.49
,,,,,,-2.54,,,,,-2.04,,,1.53,0.09,,,-3.75,,,,0.55,,-2.04,,,,,0.09,,1.46,,,2.25,3.6,,4.05,,,,,,,,,2.85,,,,,,,,,,,,,,,1.53,,,,,,,,-2.99,,,,,,-2.52
,,,,,,-2.54,,,,,-1.98,,,1.53,0.06,,,-3.75,,,,0.53,,-1.98,,,,,0.06,,1.46,,,2.15,3.7,,3.95,,,,,,,,,2.85,,,,,,,,,,,,,,,1.53,,,,,,,,-2.99,,,,,,-2.52
,,,,,,-2.54,,,,,-1.94,,,1.5,0.06,,,-3.75,,,,0.5,,-1.94,,,,,0.06,,1.46,,,2.05,3.75,,3.95,,,,,,,,,2.85,,,,,,,,,,,,,,,1.5,,,,,,,,-2.99,,,,,,-2.52
,,,,,,-2.54,,,,,-1.92,,,1.48,0.03,,,-3.75,,,,0.5,,-1.92,,,,,0.03,,1.44,,,1.95,3.8,,3.85,,,,,,,,,2.85,,,,,,,,,,,,,,,1.48,,,,,,,,-2.99,,,,,,-2.52
,,,,,,-2.54,,,,,-1.88,,,1.45,-0.06,,,-3.75,,,,0.48,,-1.88,,,,,-0.06,,1.44,,,1.85,3.85,,3.85,,,,,,,,,2.85,,,,,,,,,,,,,,,1.45,,,,,,,,-2.99,,,,,,-2.52
,,,,,,-2.52,,,,,-1.86,,,1.45,-0.09,,,-3.75,,,,0.46,,-1.86,,,,,-0.09,,1.42,,,1.65,3.9,,3.81,,,,,,,,,2.85,,,,,,,,,,,,,,,1.45,,,,,,,,-2.99,,,,,,-2.55
,,,,,,-2.52,,,,,-1.83,,,1.43,-0.26,,,-3.75,,,,0.46,,-1.83,,,,,-0.26,,1.4,,,1.55,3.95,,,,,,,,,,,2.85,,,,,,,,,,,,,,,1.43,,,,,,,,-2.99,,,,,,-2.55
,,,,,,-2.52,,,,,-1.8,,,1.41,-0.29,,,-3.75,,,,0.44,,-1.8,,,,,-0.29,,1.38,,,1.45,4,,,,,,,,,,,2.85,,,,,,,,,,,,,,,1.41,,,,,,,,-2.99,,,,,,-2.55
,,,,,,-2.52,,,,,-1.76,,,1.41,-0.5,,,-3.75,,,,0.41,,-1.76,,,,,-0.5,,1.38,,,1.35,4,,,,,,,,,,,2.85,,,,,,,,,,,,,,,1.41,,,,,,,,-3.01,,,,,,-2.55
,,,,,,-2.49,,,,,-1.74,,,1.4,-0.53,,,-3.75,,,,0.39,,-1.74,,,,,-0.53,,1.38,,,1.25,4.05,,,,,,,,,,,2.85,,,,,,,,,,,,,,,1.4,,,,,,,,-3.01,,,,,,-2.55
,,,,,,-2.49,,,,,-1.73,,,1.4,-0.64,,,-3.74,,,,0.16,,-1.73,,,,,-0.64,,1.38,,,1.15,4.15,,,,,,,,,,,2.81,,,,,,,,,,,,,,,1.4,,,,,,,,-3.01,,,,,,-2.55
,,,,,,-2.47,,,,,-1.7,,,1.38,-0.76,,,-3.74,,,,-0.48,,-1.7,,,,,-0.76,,1.35,,,0.55,4.21,,,,,,,,,,,2.81,,,,,,,,,,,,,,,1.38,,,,,,,,-3.01,,,,,,-2.55
,,,,,,-2.47,,,,,-1.65,,,1.38,-0.94,,,-3.74,,,,-1.65,,-1.65,,,,,-0.94,,1.35,,,0.45,4.26,,,,,,,,,,,2.77,,,,,,,,,,,,,,,1.38,,,,,,,,-3.01,,,,,,-2.55
,,,,,,-2.47,,,,,-1.63,,,1.36,-1.03,,,-3.74,,,,-2.02,,-1.63,,,,,-1.03,,1.33,,,0.35,4.26,,,,,,,,,,,2.73,,,,,,,,,,,,,,,1.36,,,,,,,,-3.01,,,,,,-2.55
,,,,,,-2.45,,,,,-1.62,,,1.36,-1.08,,,-3.74,,,,-2.64,,-1.62,,,,,-1.08,,1.33,,,-1.96,4.31,,,,,,,,,,,2.73,,,,,,,,,,,,,,,1.36,,,,,,,,-3.01,,,,,,-2.55
,,,,,,-2.45,,,,,-1.59,,,1.35,-1.14,,,-3.72,,,,-2.89,,-1.59,,,,,-1.14,,1.33,,,,4.36,,,,,,,,,,,2.73,,,,,,,,,,,,,,,1.35,,,,,,,,-3.01,,,,,,-2.55
,,,,,,-2.45,,,,,-1.57,,,1.35,-1.23,,,-3.72,,,,-2.94,,-1.57,,,,,-1.23,,1.31,,,,4.36,,,,,,,,,,,2.73,,,,,,,,,,,,,,,1.35,,,,,,,,-3.01,,,,,,-2.55
,,,,,,-2.42,,,,,-1.54,,,1.33,-1.23,,,-3.71,,,,-2.89,,-1.54,,,,,-1.23,,1.31,,,,4.36,,,,,,,,,,,2.69,,,,,,,,,,,,,,,1.33,,,,,,,,-3.01,,,,,,-2.55
,,,,,,-2.4,,,,,-1.51,,,1.31,-1.32,,,-3.69,,,,,,-1.51,,,,,-1.32,,1.31,,,,4.46,,,,,,,,,,,2.69,,,,,,,,,,,,,,,1.31,,,,,,,,-3.01,,,,,,-2.52
,,,,,,-2.38,,,,,-1.48,,,1.3,-1.38,,,-3.68,,,,,,-1.48,,,,,-1.38,,1.31,,,,4.46,,,,,,,,,,,2.69,,,,,,,,,,,,,,,1.3,,,,,,,,-3.04,,,,,,-2.52
,,,,,,-2.38,,,,,-1.44,,,1.28,-1.47,,,-3.66,,,,,,-1.44,,,,,-1.47,,1.31,,,,4.46,,,,,,,,,,,2.73,,,,,,,,,,,,,,,1.28,,,,,,,,-3.04,,,,,,-2.52
,,,,,,-2.35,,,,,-1.39,,,1.26,-1.61,,,-3.65,,,,,,-1.39,,,,,-1.61,,1.27,,,,4.51,,,,,,,,,,,2.73,,,,,,,,,,,,,,,1.26,,,,,,,,-3.04,,,,,,-2.52
,,,,,,-2.35,,,,,-1.38,,,1.25,-1.67,,,-3.63,,,,,,-1.38,,,,,-1.67,,1.27,,,,4.51,,,,,,,,,,,2.73,,,,,,,,,,,,,,,1.25,,,,,,,,-3.04,,,,,,-2.49
,,,,,,-2.33,,,,,-1.36,,,1.25,-1.7,,,-3.63,,,,,,-1.36,,,,,-1.7,,1.25,,,,4.51,,,,,,,,,,,2.73,,,,,,,,,,,,,,,1.25,,,,,,,,-3.04,,,,,,-2.49
,,,,,,-2.31,,,,,-1.29,,,1.22,-1.79,,,-3.63,,,,,,-1.29,,,,,-1.79,,1.25,,,,4.56,,,,,,,,,,,2.69,,,,,,,,,,,,,,,1.22,,,,,,,,-3.04,,,,,,-2.49
,,,,,,-2.31,,,,,-1.27,,,1.22,-1.88,,,-3.63,,,,,,-1.27,,,,,-1.88,,1.22,,,,4.61,,,,,,,,,,,2.69,,,,,,,,,,,,,,,1.22,,,,,,,,-3.04,,,,,,-2.49
,,,,,,-2.31,,,,,-1.24,,,1.2,-1.96,,,-3.63,,,,,,-1.24,,,,,-1.96,,1.22,,,,4.61,,,,,,,,,,,2.69,,,,,,,,,,,,,,,1.2,,,,,,,,-3.04,,,,,,-2.49
,,,,,,-2.28,,,,,-1.23,,,1.18,-2.05,,,-3.62,,,,,,-1.23,,,,,-2.05,,1.2,,,,4.66,,,,,,,,,,,2.66,,,,,,,,,,,,,,,1.18,,,,,,,,-3.04,,,,,,-2.46
,,,,,,-2.28,,,,,-1.17,,,1.15,-2.14,,,-3.62,,,,,,-1.17,,,,,-2.14,,1.18,,,,4.66,,,,,,,,,,,2.66,,,,,,,,,,,,,,,1.15,,,,,,,,-3.04,,,,,,-2.46
,,,,,,-2.26,,,,,-1.12,,,1.13,-2.17,,,-3.62,,,,,,-1.12,,,,,-2.17,,1.18,,,,4.71,,,,,,,,,,,2.62,,,,,,,,,,,,,,,1.13,,,,,,,,-3.04,,,,,,-2.46
,,,,,,-2.24,,,,,-1.1,,,1.09,-2.26,,,-3.62,,,,,,-1.1,,,,,-2.26,,1.16,,,,4.71,,,,,,,,,,,2.62,,,,,,,,,,,,,,,1.09,,,,,,,,-3.04,,,,,,-2.43
,,,,,,-2.24,,,,,-1.09,,,1.07,,,,-3.6,,,,,,-1.09,,,,,,,1.16,,,,4.81,,,,,,,,,,,2.62,,,,,,,,,,,,,,,1.07,,,,,,,,-3.04,,,,,,-2.43
,,,,,,-2.21,,,,,-1.01,,,1.04,,,,-3.6,,,,,,-1.01,,,,,,,1.14,,,,4.81,,,,,,,,,,,2.62,,,,,,,,,,,,,,,1.04,,,,,,,,-3.04,,,,,,-2.43
,,,,,,-2.19,,,,,-1,,,1.02,,,,-3.59,,,,,,-1,,,,,,,1.11,,,,4.86,,,,,,,,,,,2.58,,,,,,,,,,,,,,,1.02,,,,,,,,-3.04,,,,,,-2.41
,,,,,,-2.19,,,,,-0.98,,,0.94,,,,-3.57,,,,,,-0.98,,,,,,,1.11,,,,4.86,,,,,,,,,,,2.58,,,,,,,,,,,,,,,0.94,,,,,,,,-3.04,,,,,,-2.41
,,,,,,-2.17,,,,,-0.97,,,0.88,,,,-3.57,,,,,,-0.97,,,,,,,1.09,,,,4.91,,,,,,,,,,,2.58,,,,,,,,,,,,,,,0.88,,,,,,,,-3.04,,,,,,-2.38
,,,,,,-2.14,,,,,-0.89,,,0.88,,,,-3.57,,,,,,-0.89,,,,,,,1.09,,,,4.91,,,,,,,,,,,2.58,,,,,,,,,,,,,,,0.88,,,,,,,,-3.04,,,,,,-2.38
,,,,,,-2.14,,,,,-0.85,,,0.81,,,,-3.56,,,,,,-0.85,,,,,,,1.07,,,,4.97,,,,,,,,,,,2.58,,,,,,,,,,,,,,,0.81,,,,,,,,-3.04,,,,,,-2.38
,,,,,,-2.12,,,,,-0.85,,,0.79,,,,-3.54,,,,,,-0.85,,,,,,,1.05,,,,4.97,,,,,,,,,,,2.54,,,,,,,,,,,,,,,0.79,,,,,,,,-3.04,,,,,,-2.35
,,,,,,-2.12,,,,,-0.82,,,0.78,,,,-3.53,,,,,,-0.82,,,,,,,1.03,,,,4.97,,,,,,,,,,,2.54,,,,,,,,,,,,,,,0.78,,,,,,,,-3.04,,,,,,-2.35
,,,,,,-2.1,,,,,-0.77,,,0.73,,,,-3.53,,,,,,-0.77,,,,,,,1.03,,,,4.97,,,,,,,,,,,2.54,,,,,,,,,,,,,,,0.73,,,,,,,,-3.04,,,,,,-2.35
,,,,,,-2.1,,,,,-0.76,,,0.7,,,,-3.53,,,,,,-0.76,,,,,,,1.01,,,,5.02,,,,,,,,,,,2.54,,,,,,,,,,,,,,,0.7,,,,,,,,-3.04,,,,,,-2.32
,,,,,,-2.07,,,,,-0.71,,,0.68,,,,-3.52,,,,,,-0.71,,,,,,,0.98,,,,5.02,,,,,,,,,,,2.54,,,,,,,,,,,,,,,0.68,,,,,,,,-3.06,,,,,,-2.32
,,,,,,-2.07,,,,,-0.68,,,0.66,,,,-3.5,,,,,,-0.68,,,,,,,0.98,,,,5.02,,,,,,,,,,,2.5,,,,,,,,,,,,,,,0.66,,,,,,,,-3.06,,,,,,-2.3
,,,,,,-2.05,,,,,-0.67,,,0.6,,,,-3.49,,,,,,-0.67,,,,,,,0.96,,,,5.07,,,,,,,,,,,2.46,,,,,,,,,,,,,,,0.6,,,,,,,,-3.06,,,,,,-2.3
,,,,,,-2.05,,,,,-0.64,,,0.49,,,,-3.47,,,,,,-0.64,,,,,,,0.94,,,,5.07,,,,,,,,,,,2.42,,,,,,,,,,,,,,,0.49,,,,,,,,-3.06,,,,,,-2.27
,,,,,,-2.03,,,,,-0.62,,,0.49,,,,-3.47,,,,,,-0.62,,,,,,,0.94,,,,5.07,,,,,,,,,,,2.38,,,,,,,,,,,,,,,0.49,,,,,,,,-3.06,,,,,,-2.27
,,,,,,-2.03,,,,,-0.59,,,0.42,,,,-3.46,,,,,,-0.59,,,,,,,0.92,,,,5.12,,,,,,,,,,,2.38,,,,,,,,,,,,,,,0.42,,,,,,,,-3.06,,,,,,-2.27
,,,,,,-2,,,,,-0.53,,,0.42,,,,-3.46,,,,,,-0.53,,,,,,,0.9,,,,5.12,,,,,,,,,,,2.34,,,,,,,,,,,,,,,0.42,,,,,,,,-3.08,,,,,,-2.24
,,,,,,-2,,,,,-0.45,,,0.37,,,,-3.46,,,,,,-0.45,,,,,,,0.87,,,,5.12,,,,,,,,,,,2.34,,,,,,,,,,,,,,,0.37,,,,,,,,-3.08,,,,,,-2.24
,,,,,,-1.98,,,,,-0.42,,,0.37,,,,-3.43,,,,,,-0.42,,,,,,,0.85,,,,5.17,,,,,,,,,,,2.3,,,,,,,,,,,,,,,0.37,,,,,,,,-3.08,,,,,,-2.24
,,,,,,-1.96,,,,,-0.39,,,0.34,,,,-3.41,,,,,,-0.39,,,,,,,0.85,,,,5.17,,,,,,,,,,,2.3,,,,,,,,,,,,,,,0.34,,,,,,,,-3.08,,,,,,-2.19
,,,,,,-1.96,,,,,-0.36,,,0.31,,,,-3.38,,,,,,-0.36,,,,,,,0.83,,,,5.17,,,,,,,,,,,2.26,,,,,,,,,,,,,,,0.31,,,,,,,,-3.08,,,,,,-2.19
,,,,,,-1.93,,,,,-0.3,,,0.26,,,,-3.38,,,,,,-0.3,,,,,,,0.81,,,,5.17,,,,,,,,,,,2.26,,,,,,,,,,,,,,,0.26,,,,,,,,-3.08,,,,,,-2.16
,,,,,,-1.93,,,,,-0.29,,,0.16,,,,-3.35,,,,,,-0.29,,,,,,,0.79,,,,5.17,,,,,,,,,,,2.23,,,,,,,,,,,,,,,0.16,,,,,,,,-3.08,,,,,,-2.16
,,,,,,-1.91,,,,,-0.27,,,0.11,,,,-3.32,,,,,,-0.27,,,,,,,0.74,,,,5.17,,,,,,,,,,,2.19,,,,,,,,,,,,,,,0.11,,,,,,,,-3.08,,,,,,-2.1
,,,,,,-1.89,,,,,-0.23,,,0.1,,,,-3.29,,,,,,-0.23,,,,,,,0.74,,,,5.22,,,,,,,,,,,2.19,,,,,,,,,,,,,,,0.1,,,,,,,,-3.08,,,,,,-2.07
,,,,,,-1.89,,,,,-0.2,,,0.06,,,,-3.26,,,,,,-0.2,,,,,,,0.72,,,,5.22,,,,,,,,,,,2.15,,,,,,,,,,,,,,,0.06,,,,,,,,-3.08,,,,,,-2.05
,,,,,,-1.86,,,,,-0.14,,,-0.03,,,,-3.22,,,,,,-0.14,,,,,,,0.72,,,,5.22,,,,,,,,,,,2.07,,,,,,,,,,,,,,,-0.03,,,,,,,,-3.08,,,,,,-2.05
,,,,,,-1.86,,,,,-0.09,,,-0.06,,,,-3.22,,,,,,-0.09,,,,,,,0.68,,,,5.22,,,,,,,,,,,2.03,,,,,,,,,,,,,,,-0.06,,,,,,,,-3.08,,,,,,-2.02
,,,,,,-1.86,,,,,-0.08,,,-0.1,,,,-3.19,,,,,,-0.08,,,,,,,0.66,,,,5.22,,,,,,,,,,,2.03,,,,,,,,,,,,,,,-0.1,,,,,,,,-3.08,,,,,,-2.02
,,,,,,-1.84,,,,,-0.06,,,-0.15,,,,-3.17,,,,,,-0.06,,,,,,,0.63,,,,5.22,,,,,,,,,,,1.95,,,,,,,,,,,,,,,-0.15,,,,,,,,-3.08,,,,,,-1.96
,,,,,,-1.82,,,,,-0.03,,,-0.16,,,,-3.16,,,,,,-0.03,,,,,,,0.63,,,,5.22,,,,,,,,,,,1.91,,,,,,,,,,,,,,,-0.16,,,,,,,,-3.08,,,,,,-1.96
,,,,,,-1.79,,,,,-0.02,,,-0.23,,,,-3.11,,,,,,-0.02,,,,,,,0.59,,,,5.22,,,,,,,,,,,1.91,,,,,,,,,,,,,,,-0.23,,,,,,,,-3.08,,,,,,-1.94
,,,,,,-1.77,,,,,0,,,-0.24,,,,-3.11,,,,,,0,,,,,,,0.57,,,,5.27,,,,,,,,,,,1.8,,,,,,,,,,,,,,,-0.24,,,,,,,,-3.08,,,,,,-1.65
,,,,,,-1.77,,,,,0.02,,,-0.29,,,,-3.08,,,,,,0.02,,,,,,,0.57,,,,5.27,,,,,,,,,,,1.68,,,,,,,,,,,,,,,-0.29,,,,,,,,-3.08,,,,,,-1.55
,,,,,,-1.75,,,,,0.03,,,-0.32,,,,-3.08,,,,,,0.03,,,,,,,0.52,,,,5.27,,,,,,,,,,,1.56,,,,,,,,,,,,,,,-0.32,,,,,,,,-3.08,,,,,,-1.45
,,,,,,-1.72,,,,,0.05,,,-0.44,,,,-3.07,,,,,,0.05,,,,,,,0.5,,,,5.27,,,,,,,,,,,1.48,,,,,,,,,,,,,,,-0.44,,,,,,,,-3.08,,,,,,-1.35
,,,,,,-1.7,,,,,0.06,,,-0.57,,,,-3.05,,,,,,0.06,,,,,,,0.46,,,,5.32,,,,,,,,,,,1.41,,,,,,,,,,,,,,,-0.57,,,,,,,,-3.08,,,,,,-1.25
,,,,,,-1.7,,,,,0.09,,,-0.63,,,,-3.02,,,,,,0.09,,,,,,,0.44,,,,5.32,,,,,,,,,,,1.29,,,,,,,,,,,,,,,-0.63,,,,,,,,-3.08,,,,,,-1.05
,,,,,,-1.68,,,,,0.09,,,-0.73,,,,-2.99,,,,,,0.09,,,,,,,0.39,,,,5.32,,,,,,,,,,,-2.15,,,,,,,,,,,,,,,-0.73,,,,,,,,-3.08,,,,,,-0.95
,,,,,,-1.68,,,,,0.11,,,-0.76,,,,-2.99,,,,,,0.11,,,,,,,0.35,,,,5.32,,,,,,,,,,,-2.19,,,,,,,,,,,,,,,-0.76,,,,,,,,-3.11,,,,,,-0.85
,,,,,,-1.65,,,,,0.14,,,-0.78,,,,-2.96,,,,,,0.14,,,,,,,0.31,,,,5.32,,,,,,,,,,,-2.26,,,,,,,,,,,,,,,-0.78,,,,,,,,-3.11,,,,,,-0.75
,,,,,,-1.65,,,,,0.17,,,-0.79,,,,-2.96,,,,,,0.17,,,,,,,0.28,,,,5.37,,,,,,,,,,,-2.42,,,,,,,,,,,,,,,-0.79,,,,,,,,-3.11,,,,,,-0.55
,,,,,,-1.63,,,,,0.18,,,-0.81,,,,-2.92,,,,,,0.18,,,,,,,0.24,,,,5.37,,,,,,,,,,,-2.46,,,,,,,,,,,,,,,-0.81,,,,,,,,-3.13,,,,,,-0.45
,,,,,,-1.63,,,,,0.2,,,-0.83,,,,-2.9,,,,,,0.2,,,,,,,0.2,,,,5.37,,,,,,,,,,,-2.5,,,,,,,,,,,,,,,-0.83,,,,,,,,-3.16,,,,,,-0.35
,,,,,,-1.63,,,,,0.21,,,-0.86,,,,-2.87,,,,,,0.21,,,,,,,0.17,,,,5.37,,,,,,,,,,,-2.54,,,,,,,,,,,,,,,-0.86,,,,,,,,-3.16,,,,,,-0.25
,,,,,,-1.61,,,,,0.23,,,-0.92,,,,-2.86,,,,,,0.23,,,,,,,0.15,,,,5.37,,,,,,,,,,,-2.62,,,,,,,,,,,,,,,-0.92,,,,,,,,-3.16,,,,,,-0.19
,,,,,,-1.58,,,,,0.24,,,-0.92,,,,-2.84,,,,,,0.24,,,,,,,0.13,,,,5.37,,,,,,,,,,,-2.69,,,,,,,,,,,,,,,-0.92,,,,,,,,-3.16,,,,,,-0.17
,,,,,,-1.56,,,,,0.24,,,-0.97,,,,-2.83,,,,,,0.24,,,,,,,0.09,,,,5.37,,,,,,,,,,,-2.73,,,,,,,,,,,,,,,-0.97,,,,,,,,-3.18,,,,,,-0.14
,,,,,,-1.56,,,,,0.26,,,-0.97,,,,-2.79,,,,,,0.26,,,,,,,0.07,,,,5.37,,,,,,,,,,,-2.77,,,,,,,,,,,,,,,-0.97,,,,,,,,-3.18,,,,,,-0.08
,,,,,,-1.54,,,,,0.27,,,-0.99,,,,-2.76,,,,,,0.27,,,,,,,0.04,,,,5.37,,,,,,,,,,,-2.81,,,,,,,,,,,,,,,-0.99,,,,,,,,-3.18,,,,,,-0.06
,,,,,,-1.54,,,,,0.3,,,-1.02,,,,-2.73,,,,,,0.3,,,,,,,0.02,,,,5.37,,,,,,,,,,,-2.93,,,,,,,,,,,,,,,-1.02,,,,,,,,-3.2,,,,,,0
,,,,,,-1.51,,,,,0.33,,,-1.04,,,,-2.71,,,,,,0.33,,,,,,,-0.02,,,,5.37,,,,,,,,,,,-2.97,,,,,,,,,,,,,,,-1.04,,,,,,,,-3.2,,,,,,0.03
,,,,,,-1.49,,,,,0.35,,,-1.07,,,,-2.71,,,,,,0.35,,,,,,,-0.07,,,,5.37,,,,,,,,,,,-3.01,,,,,,,,,,,,,,,-1.07,,,,,,,,-3.2,,,,,,0.06
,,,,,,-1.47,,,,,0.36,,,-1.09,,,,-2.7,,,,,,0.36,,,,,,,-0.11,,,,5.37,,,,,,,,,,,-3.01,,,,,,,,,,,,,,,-1.09,,,,,,,,-3.23,,,,,,0.08
,,,,,,-1.47,,,,,0.38,,,-1.12,,,,-2.67,,,,,,0.38,,,,,,,-0.13,,,,5.37,,,,,,,,,,,-3.12,,,,,,,,,,,,,,,-1.12,,,,,,,,-3.23,,,,,,0.11
,,,,,,-1.44,,,,,0.41,,,-1.15,,,,-2.65,,,,,,0.41,,,,,,,-0.17,,,,5.37,,,,,,,,,,,-3.2,,,,,,,,,,,,,,,-1.15,,,,,,,,-3.25,,,,,,0.14
,,,,,,-1.42,,,,,0.44,,,-1.17,,,,-2.61,,,,,,0.44,,,,,,,-0.2,,,,5.37,,,,,,,,,,,-3.24,,,,,,,,,,,,,,,-1.17,,,,,,,,-3.25,,,,,,0.17
,,,,,,-1.42,,,,,0.47,,,-1.22,,,,-2.58,,,,,,0.47,,,,,,,-0.24,,,,5.37,,,,,,,,,,,-3.28,,,,,,,,,,,,,,,-1.22,,,,,,,,-3.27,,,,,,0.19
,,,,,,-1.4,,,,,0.47,,,-1.23,,,,-2.58,,,,,,0.47,,,,,,,-0.28,,,,5.32,,,,,,,,,,,-3.36,,,,,,,,,,,,,,,-1.23,,,,,,,,-3.27,,,,,,0.22
,,,,,,-1.4,,,,,0.5,,,-1.31,,,,-2.56,,,,,,0.5,,,,,,,-0.33,,,,5.32,,,,,,,,,,,-3.4,,,,,,,,,,,,,,,-1.31,,,,,,,,-3.27,,,,,,0.28
,,,,,,-1.37,,,,,0.51,,,-1.36,,,,-2.53,,,,,,0.51,,,,,,,-0.35,,,,5.32,,,,,,,,,,,-3.48,,,,,,,,,,,,,,,-1.36,,,,,,,,-3.3,,,,,,0.3
,,,,,,-1.35,,,,,0.54,,,-1.43,,,,-2.53,,,,,,0.54,,,,,,,-0.39,,,,5.27,,,,,,,,,,,-3.36,,,,,,,,,,,,,,,-1.43,,,,,,,,-3.3,,,,,,0.33
,,,,,,-1.33,,,,,0.56,,,-1.44,,,,-2.5,,,,,,0.56,,,,,,,-0.42,,,,5.27,,,,,,,,,,,-3.36,,,,,,,,,,,,,,,-1.44,,,,,,,,-3.32,,,,,,0.41
,,,,,,-1.3,,,,,0.59,,,-1.47,,,,-2.5,,,,,,0.59,,,,,,,-0.48,,,,5.27,,,,,,,,,,,-3.44,,,,,,,,,,,,,,,-1.47,,,,,,,,-3.34,,,,,,0.44
,,,,,,-1.28,,,,,0.61,,,-1.52,,,,-2.47,,,,,,0.61,,,,,,,-0.5,,,,5.27,,,,,,,,,,,-3.44,,,,,,,,,,,,,,,-1.52,,,,,,,,-3.37,,,,,,0.5
,,,,,,-1.26,,,,,0.62,,,-1.52,,,,-2.44,,,,,,0.62,,,,,,,-0.55,,,,5.27,,,,,,,,,,,-3.44,,,,,,,,,,,,,,,-1.52,,,,,,,,-3.37,,,,,,0.53
,,,,,,-1.23,,,,,0.68,,,-1.54,,,,-2.41,,,,,,0.68,,,,,,,-0.57,,,,5.27,,,,,,,,,,,-3.48,,,,,,,,,,,,,,,-1.54,,,,,,,,-3.37,,,,,,0.55
,,,,,,-1.21,,,,,0.73,,,-1.56,,,,-2.41,,,,,,0.73,,,,,,,-0.59,,,,5.27,,,,,,,,,,,-3.48,,,,,,,,,,,,,,,-1.56,,,,,,,,-3.37,,,,,,0.58
,,,,,,-1.21,,,,,0.76,,,-1.57,,,,-2.38,,,,,,0.76,,,,,,,-0.66,,,,5.27,,,,,,,,,,,-3.48,,,,,,,,,,,,,,,-1.57,,,,,,,,-3.42,,,,,,0.61
,,,,,,-1.19,,,,,0.8,,,-1.6,,,,-2.35,,,,,,0.8,,,,,,,-0.68,,,,5.27,,,,,,,,,,,-3.51,,,,,,,,,,,,,,,-1.6,,,,,,,,-3.42,,,,,,0.64
,,,,,,-1.16,,,,,0.82,,,-1.61,,,,-2.32,,,,,,0.82,,,,,,,-0.72,,,,5.27,,,,,,,,,,,-3.51,,,,,,,,,,,,,,,-1.61,,,,,,,,-3.42,,,,,,0.69
,,,,,,-1.14,,,,,0.85,,,-1.63,,,,-2.31,,,,,,0.85,,,,,,,-0.72,,,,5.27,,,,,,,,,,,-3.51,,,,,,,,,,,,,,,-1.63,,,,,,,,-3.44,,,,,,0.72
,,,,,,-1.14,,,,,0.89,,,-1.63,,,,-2.31,,,,,,0.89,,,,,,,-0.76,,,,5.27,,,,,,,,,,,-3.55,,,,,,,,,,,,,,,-1.63,,,,,,,,-3.44,,,,,,0.75
,,,,,,-1.12,,,,,0.91,,,-1.65,,,,-2.29,,,,,,0.91,,,,,,,-0.81,,,,5.27,,,,,,,,,,,-3.55,,,,,,,,,,,,,,,-1.65,,,,,,,,-3.44,,,,,,0.8
,,,,,,-1.09,,,,,0.95,,,-1.66,,,,-2.28,,,,,,0.95,,,,,,,-0.83,,,,5.27,,,,,,,,,,,-3.55,,,,,,,,,,,,,,,-1.66,,,,,,,,-3.44,,,,,,0.83
,,,,,,-1.07,,,,,1.03,,,-1.7,,,,-2.26,,,,,,1.03,,,,,,,-0.87,,,,5.27,,,,,,,,,,,-3.59,,,,,,,,,,,,,,,-1.7,,,,,,,,-3.46,,,,,,0.86
,,,,,,-1.05,,,,,1.06,,,-1.73,,,,-2.23,,,,,,1.06,,,,,,,-0.92,,,,5.27,,,,,,,,,,,-3.59,,,,,,,,,,,,,,,-1.73,,,,,,,,-3.49,,,,,,0.89
,,,,,,-1.02,,,,,1.07,,,-1.75,,,,-2.23,,,,,,1.07,,,,,,,-0.96,,,,5.22,,,,,,,,,,,-3.59,,,,,,,,,,,,,,,-1.75,,,,,,,,-3.49,,,,,,0.94
,,,,,,-1,,,,,1.12,,,-1.76,,,,-2.22,,,,,,1.12,,,,,,,-0.98,,,,5.22,,,,,,,,,,,-3.59,,,,,,,,,,,,,,,-1.76,,,,,,,,-3.51,,,,,,0.97
,,,,,,,,,,,1.15,,,-1.78,,,,-2.19,,,,,,1.15,,,,,,,-1.01,,,,5.22,,,,,,,,,,,-3.59,,,,,,,,,,,,,,,-1.78,,,,,,,,-3.53,,,,,,1.02
,,,,,,,,,,,1.17,,,-1.78,,,,-2.16,,,,,,1.17,,,,,,,-1.07,,,,5.22,,,,,,,,,,,-3.59,,,,,,,,,,,,,,,-1.78,,,,,,,,-3.56,,,,,,1.05
,,,,,,,,,,,1.18,,,-1.81,,,,-2.14,,,,,,1.18,,,,,,,-1.11,,,,5.22,,,,,,,,,,,-3.59,,,,,,,,,,,,,,,-1.81,,,,,,,,-3.56,,,,,,1.08
,,,,,,,,,,,1.2,,,-1.81,,,,-2.13,,,,,,1.2,,,,,,,-1.2,,,,5.17,,,,,,,,,,,-3.59,,,,,,,,,,,,,,,-1.81,,,,,,,,-3.56,,,,,,1.11
,,,,,,,,,,,1.23,,,-1.83,,,,-2.1,,,,,,1.23,,,,,,,-1.25,,,,5.17,,,,,,,,,,,-3.59,,,,,,,,,,,,,,,-1.83,,,,,,,,-3.56,,,,,,1.13
,,,,,,,,,,,1.24,,,-1.83,,,,-2.09,,,,,,1.24,,,,,,,-1.29,,,,5.12,,,,,,,,,,,-3.59,,,,,,,,,,,,,,,-1.83,,,,,,,,-3.58,,,,,,1.16
,,,,,,,,,,,1.29,,,-1.85,,,,-2.06,,,,,,1.29,,,,,,,-1.33,,,,5.07,,,,,,,,,,,-3.63,,,,,,,,,,,,,,,-1.85,,,,,,,,-3.58,,,,,,1.19
,,,,,,,,,,,1.3,,,-1.85,,,,-2.03,,,,,,1.3,,,,,,,-1.4,,,,5.07,,,,,,,,,,,-3.63,,,,,,,,,,,,,,,-1.85,,,,,,,,-3.58,,,,,,1.22
,,,,,,,,,,,1.35,,,-1.86,,,,-1.98,,,,,,1.35,,,,,,,-1.44,,,,5.07,,,,,,,,,,,-3.63,,,,,,,,,,,,,,,-1.86,,,,,,,,-3.58,,,,,,1.27
,,,,,,,,,,,1.36,,,-1.86,,,,-1.94,,,,,,1.36,,,,,,,-1.46,,,,5.02,,,,,,,,,,,-3.63,,,,,,,,,,,,,,,-1.86,,,,,,,,-3.58,,,,,,1.27
,,,,,,,,,,,1.38,,,-1.86,,,,-1.94,,,,,,1.38,,,,,,,-1.49,,,,5.02,,,,,,,,,,,-3.63,,,,,,,,,,,,,,,-1.86,,,,,,,,-3.58,,,,,,1.3
,,,,,,,,,,,1.39,,,-1.86,,,,-1.91,,,,,,1.39,,,,,,,-1.55,,,,4.97,,,,,,,,,,,-3.63,,,,,,,,,,,,,,,-1.86,,,,,,,,-3.58,,,,,,1.33
,,,,,,,,,,,1.42,,,-1.86,,,,-1.88,,,,,,1.42,,,,,,,-1.62,,,,4.97,,,,,,,,,,,-3.63,,,,,,,,,,,,,,,-1.86,,,,,,,,-3.65,,,,,,1.38
,,,,,,,,,,,1.47,,,-1.86,,,,-1.85,,,,,,1.47,,,,,,,-1.64,,,,4.91,,,,,,,,,,,-3.63,,,,,,,,,,,,,,,-1.86,,,,,,,,-3.65,,,,,,1.44
,,,,,,,,,,,1.48,,,-1.88,,,,-1.82,,,,,,1.48,,,,,,,-1.64,,,,4.86,,,,,,,,,,,-3.63,,,,,,,,,,,,,,,-1.88,,,,,,,,-3.65,,,,,,1.47
,,,,,,,,,,,1.53,,,-1.88,,,,-1.79,,,,,,1.53,,,,,,,-1.66,,,,4.86,,,,,,,,,,,-3.63,,,,,,,,,,,,,,,-1.88,,,,,,,,-3.65,,,,,,1.52
,,,,,,,,,,,1.56,,,-1.9,,,,-1.77,,,,,,1.56,,,,,,,-1.68,,,,4.86,,,,,,,,,,,-3.63,,,,,,,,,,,,,,,-1.9,,,,,,,,-3.65,,,,,,1.55
,,,,,,,,,,,1.56,,,-1.91,,,,-1.73,,,,,,1.56,,,,,,,-1.7,,,,4.81,,,,,,,,,,,-3.63,,,,,,,,,,,,,,,-1.91,,,,,,,,-3.65,,,,,,1.6
,,,,,,,,,,,1.6,,,-1.91,,,,-1.68,,,,,,1.6,,,,,,,-1.75,,,,4.81,,,,,,,,,,,-3.63,,,,,,,,,,,,,,,-1.91,,,,,,,,-3.65,,,,,,1.63
,,,,,,,,,,,1.63,,,-1.91,,,,-1.67,,,,,,1.63,,,,,,,-1.75,,,,4.76,,,,,,,,,,,-3.63,,,,,,,,,,,,,,,-1.91,,,,,,,,-3.68,,,,,,1.66
,,,,,,,,,,,1.68,,,-1.91,,,,-1.64,,,,,,1.68,,,,,,,-1.77,,,,4.76,,,,,,,,,,,-3.63,,,,,,,,,,,,,,,-1.91,,,,,,,,-3.68,,,,,,1.66
,,,,,,,,,,,1.71,,,-1.93,,,,-1.62,,,,,,1.71,,,,,,,-1.77,,,,4.76,,,,,,,,,,,-3.63,,,,,,,,,,,,,,,-1.93,,,,,,,,-3.68,,,,,,1.69
,,,,,,,,,,,1.74,,,-1.93,,,,-1.61,,,,,,1.74,,,,,,,-1.81,,,,4.71,,,,,,,,,,,-3.63,,,,,,,,,,,,,,,-1.93,,,,,,,,-3.7,,,,,,1.72
,,,,,,,,,,,1.79,,,-1.93,,,,-1.58,,,,,,1.79,,,,,,,-1.84,,,,4.71,,,,,,,,,,,-3.63,,,,,,,,,,,,,,,-1.93,,,,,,,,-3.7,,,,,,1.77
,,,,,,,,,,,1.83,,,-1.93,,,,-1.56,,,,,,1.83,,,,,,,-1.86,,,,4.66,,,,,,,,,,,-3.63,,,,,,,,,,,,,,,-1.93,,,,,,,,-3.7,,,,,,1.8
,,,,,,,,,,,1.85,,,-1.95,,,,-1.52,,,,,,1.85,,,,,,,-1.88,,,,4.61,,,,,,,,,,,-3.63,,,,,,,,,,,,,,,-1.95,,,,,,,,-3.7,,,,,,1.8
,,,,,,,,,,,1.89,,,-1.95,,,,-1.47,,,,,,1.89,,,,,,,-1.9,,,,4.41,,,,,,,,,,,-3.63,,,,,,,,,,,,,,,-1.95,,,,,,,,-3.72,,,,,,1.83
,,,,,,,,,,,1.92,,,-1.95,,,,-1.46,,,,,,1.92,,,,,,,-1.9,,,,3.5,,,,,,,,,,,-3.63,,,,,,,,,,,,,,,-1.95,,,,,,,,-3.72,,,,,,1.88
,,,,,,,,,,,1.95,,,-1.95,,,,-1.44,,,,,,1.95,,,,,,,-1.92,,,,1.52,,,,,,,,,,,-3.63,,,,,,,,,,,,,,,-1.95,,,,,,,,-3.72,,,,,,1.91
,,,,,,,,,,,1.98,,,-1.95,,,,-1.02,,,,,,1.98,,,,,,,-2.03,,,,-2.08,,,,,,,,,,,-3.63,,,,,,,,,,,,,,,-1.95,,,,,,,,-3.72,,,,,,1.94
,,,,,,,,,,,2,,,-1.95,,,,0.15,,,,,,2,,,,,,,-2.14,,,,-4.66,,,,,,,,,,,-3.63,,,,,,,,,,,,,,,-1.95,,,,,,,,-3.72,,,,,,2.05
,,,,,,,,,,,2.04,,,-1.95,,,,1.02,,,,,,2.04,,,,,,,-2.21,,,,-5.22,,,,,,,,,,,-3.63,,,,,,,,,,,,,,,-1.95,,,,,,,,-3.75,,,,,,2.1
,,,,,,,,,,,2.1,,,-1.95,,,,1.78,,,,,,2.1,,,,,,,-2.29,,,,-5.52,,,,,,,,,,,-3.63,,,,,,,,,,,,,,,-1.95,,,,,,,,-3.75,,,,,,2.13
,,,,,,,,,,,2.13,,,-1.93,,,,2.42,,,,,,2.13,,,,,,,-2.36,,,,-5.93,,,,,,,,,,,-3.63,,,,,,,,,,,,,,,-1.93,,,,,,,,-3.75,,,,,,2.16
,,,,,,,,,,,2.15,,,-1.93,,,,2.34,,,,,,2.15,,,,,,,-2.45,,,,-5.98,,,,,,,,,,,-3.59,,,,,,,,,,,,,,,-1.93,,,,,,,,-3.77,,,,,,2.21
,,,,,,,,,,,2.21,,,-1.91,,,,2.61,,,,,,2.21,,,,,,,-2.51,,,,-5.88,,,,,,,,,,,,,,,,,,,,,,,,,,-1.91,,,,,,,,-3.77,,,,,,2.24
,,,,,,,,,,,2.23,,,-1.93,,,,2.8,,,,,,2.23,,,,,,,-2.53,,,,-5.73,,,,,,,,,,,,,,,,,,,,,,,,,,-1.93,,,,,,,,-3.77,,,,,,2.27
,,,,,,,,,,,2.24,,,,,,,2.95,,,,,,2.24,,,,,,,-2.56,,,,,,,,,,,,,,,,,,,,,,,,,,,,,,,,,,,,,,-3.77,,,,,,2.27
,,,,,,,,,,,2.27,,,,,,,2.84,,,,,,2.27,,,,,,,-2.58,,,,,,,,,,,,,,,,,,,,,,,,,,,,,,,,,,,,,,-3.77,,,,,,2.32
,,,,,,,,,,,2.27,,,,,,,,,,,,,2.27,,,,,,,-2.58,,,,,,,,,,,,,,,,,,,,,,,,,,,,,,,,,,,,,,-3.77,,,,,,2.35
,,,,,,,,,,,2.29,,,,,,,,,,,,,2.29,,,,,,,-2.58,,,,,,,,,,,,,,,,,,,,,,,,,,,,,,,,,,,,,,-3.77,,,,,,2.38
,,,,,,,,,,,2.3,,,,,,,,,,,,,2.3,,,,,,,-2.58,,,,,,,,,,,,,,,,,,,,,,,,,,,,,,,,,,,,,,-3.79,,,,,,2.41
,,,,,,,,,,,2.32,,,,,,,,,,,,,2.32,,,,,,,-2.58,,,,,,,,,,,,,,,,,,,,,,,,,,,,,,,,,,,,,,-3.79,,,,,,2.41
,,,,,,,,,,,2.33,,,,,,,,,,,,,2.33,,,,,,,-2.58,,,,,,,,,,,,,,,,,,,,,,,,,,,,,,,,,,,,,,-3.79,,,,,,2.43
,,,,,,,,,,,2.33,,,,,,,,,,,,,2.33,,,,,,,-2.58,,,,,,,,,,,,,,,,,,,,,,,,,,,,,,,,,,,,,,-3.86,,,,,,2.46
,,,,,,,,,,,2.35,,,,,,,,,,,,,2.35,,,,,,,-2.6,,,,,,,,,,,,,,,,,,,,,,,,,,,,,,,,,,,,,,-3.9,,,,,,2.52
,,,,,,,,,,,2.36,,,,,,,,,,,,,2.36,,,,,,,-2.62,,,,,,,,,,,,,,,,,,,,,,,,,,,,,,,,,,,,,,-3.93,,,,,,2.6
,,,,,,,,,,,2.38,,,,,,,,,,,,,2.38,,,,,,,-2.62,,,,,,,,,,,,,,,,,,,,,,,,,,,,,,,,,,,,,,-3.97,,,,,,2.63
,,,,,,,,,,,2.41,,,,,,,,,,,,,2.41,,,,,,,-2.62,,,,,,,,,,,,,,,,,,,,,,,,,,,,,,,,,,,,,,-4.04,,,,,,2.66
,,,,,,,,,,,2.42,,,,,,,,,,,,,2.42,,,,,,,-2.62,,,,,,,,,,,,,,,,,,,,,,,,,,,,,,,,,,,,,,-4.07,,,,,,2.68
,,,,,,,,,,,2.44,,,,,,,,,,,,,2.44,,,,,,,-2.62,,,,,,,,,,,,,,,,,,,,,,,,,,,,,,,,,,,,,,-4.11,,,,,,2.68
,,,,,,,,,,,2.47,,,,,,,,,,,,,2.47,,,,,,,-2.64,,,,,,,,,,,,,,,,,,,,,,,,,,,,,,,,,,,,,,-4.14,,,,,,2.74
,,,,,,,,,,,2.48,,,,,,,,,,,,,2.48,,,,,,,-2.67,,,,,,,,,,,,,,,,,,,,,,,,,,,,,,,,,,,,,,-4.18,,,,,,2.74
,,,,,,,,,,,2.48,,,,,,,,,,,,,2.48,,,,,,,-2.67,,,,,,,,,,,,,,,,,,,,,,,,,,,,,,,,,,,,,,-4.25,,,,,,2.77
,,,,,,,,,,,2.5,,,,,,,,,,,,,2.5,,,,,,,-2.71,,,,,,,,,,,,,,,,,,,,,,,,,,,,,,,,,,,,,,-4.32,,,,,,2.79
,,,,,,,,,,,2.51,,,,,,,,,,,,,2.51,,,,,,,-2.71,,,,,,,,,,,,,,,,,,,,,,,,,,,,,,,,,,,,,,-4.32,,,,,,2.85
,,,,,,,,,,,2.51,,,,,,,,,,,,,2.51,,,,,,,-2.73,,,,,,,,,,,,,,,,,,,,,,,,,,,,,,,,,,,,,,-4.39,,,,,,2.88
,,,,,,,,,,,2.51,,,,,,,,,,,,,2.51,,,,,,,-2.73,,,,,,,,,,,,,,,,,,,,,,,,,,,,,,,,,,,,,,-4.46,,,,,,2.9
,,,,,,,,,,,2.53,,,,,,,,,,,,,2.53,,,,,,,-2.73,,,,,,,,,,,,,,,,,,,,,,,,,,,,,,,,,,,,,,-4.46,,,,,,2.9
,,,,,,,,,,,2.53,,,,,,,,,,,,,2.53,,,,,,,-2.73,,,,,,,,,,,,,,,,,,,,,,,,,,,,,,,,,,,,,,-4.46,,,,,,2.93
,,,,,,,,,,,2.54,,,,,,,,,,,,,2.54,,,,,,,-2.73,,,,,,,,,,,,,,,,,,,,,,,,,,,,,,,,,,,,,,-4.46,,,,,,2.96
,,,,,,,,,,,2.54,,,,,,,,,,,,,2.54,,,,,,,-2.73,,,,,,,,,,,,,,,,,,,,,,,,,,,,,,,,,,,,,,-4.46,,,,,,2.99
,,,,,,,,,,,2.54,,,,,,,,,,,,,2.54,,,,,,,-2.73,,,,,,,,,,,,,,,,,,,,,,,,,,,,,,,,,,,,,,-4.5,,,,,,3.02
,,,,,,,,,,,2.56,,,,,,,,,,,,,2.56,,,,,,,-2.73,,,,,,,,,,,,,,,,,,,,,,,,,,,,,,,,,,,,,,-4.5,,,,,,3.02
,,,,,,,,,,,2.56,,,,,,,,,,,,,2.56,,,,,,,-2.73,,,,,,,,,,,,,,,,,,,,,,,,,,,,,,,,,,,,,,-4.53,,,,,,3.04
,,,,,,,,,,,2.57,,,,,,,,,,,,,2.57,,,,,,,-2.8,,,,,,,,,,,,,,,,,,,,,,,,,,,,,,,,,,,,,,-4.53,,,,,,3.04
,,,,,,,,,,,2.59,,,,,,,,,,,,,2.59,,,,,,,-2.8,,,,,,,,,,,,,,,,,,,,,,,,,,,,,,,,,,,,,,-4.53,,,,,,3.1
,,,,,,,,,,,2.59,,,,,,,,,,,,,2.59,,,,,,,-2.8,,,,,,,,,,,,,,,,,,,,,,,,,,,,,,,,,,,,,,-4.57,,,,,,3.15
,,,,,,,,,,,2.59,,,,,,,,,,,,,2.59,,,,,,,-2.8,,,,,,,,,,,,,,,,,,,,,,,,,,,,,,,,,,,,,,-4.6,,,,,,3.15
,,,,,,,,,,,2.59,,,,,,,,,,,,,2.59,,,,,,,-2.8,,,,,,,,,,,,,,,,,,,,,,,,,,,,,,,,,,,,,,-4.6,,,,,,3.18
,,,,,,,,,,,2.59,,,,,,,,,,,,,2.59,,,,,,,-2.8,,,,,,,,,,,,,,,,,,,,,,,,,,,,,,,,,,,,,,-4.64,,,,,,3.18
,,,,,,,,,,,2.62,,,,,,,,,,,,,2.62,,,,,,,-2.8,,,,,,,,,,,,,,,,,,,,,,,,,,,,,,,,,,,,,,-4.68,,,,,,3.18
,,,,,,,,,,,2.62,,,,,,,,,,,,,2.62,,,,,,,-2.8,,,,,,,,,,,,,,,,,,,,,,,,,,,,,,,,,,,,,,-4.68,,,,,,3.21
,,,,,,,,,,,2.62,,,,,,,,,,,,,2.62,,,,,,,-2.8,,,,,,,,,,,,,,,,,,,,,,,,,,,,,,,,,,,,,,-4.71,,,,,,3.21
,,,,,,,,,,,2.62,,,,,,,,,,,,,2.62,,,,,,,-2.8,,,,,,,,,,,,,,,,,,,,,,,,,,,,,,,,,,,,,,-4.71,,,,,,3.24
,,,,,,,,,,,2.62,,,,,,,,,,,,,2.62,,,,,,,-2.8,,,,,,,,,,,,,,,,,,,,,,,,,,,,,,,,,,,,,,-4.71,,,,,,3.24
,,,,,,,,,,,2.62,,,,,,,,,,,,,2.62,,,,,,,-2.8,,,,,,,,,,,,,,,,,,,,,,,,,,,,,,,,,,,,,,-4.71,,,,,,3.24
,,,,,,,,,,,2.62,,,,,,,,,,,,,2.62,,,,,,,-2.8,,,,,,,,,,,,,,,,,,,,,,,,,,,,,,,,,,,,,,-4.64,,,,,,3.26
,,,,,,,,,,,2.62,,,,,,,,,,,,,2.62,,,,,,,-2.82,,,,,,,,,,,,,,,,,,,,,,,,,,,,,,,,,,,,,,-4.57,,,,,,3.26
,,,,,,,,,,,2.62,,,,,,,,,,,,,2.62,,,,,,,-2.82,,,,,,,,,,,,,,,,,,,,,,,,,,,,,,,,,,,,,,-4.43,,,,,,3.29
,,,,,,,,,,,2.63,,,,,,,,,,,,,2.63,,,,,,,-2.82,,,,,,,,,,,,,,,,,,,,,,,,,,,,,,,,,,,,,,-4.32,,,,,,3.29
,,,,,,,,,,,2.65,,,,,,,,,,,,,2.65,,,,,,,-2.82,,,,,,,,,,,,,,,,,,,,,,,,,,,,,,,,,,,,,,-4.25,,,,,,3.29
,,,,,,,,,,,2.65,,,,,,,,,,,,,2.65,,,,,,,-2.82,,,,,,,,,,,,,,,,,,,,,,,,,,,,,,,,,,,,,,-4.14,,,,,,3.29
,,,,,,,,,,,2.65,,,,,,,,,,,,,2.65,,,,,,,-2.78,,,,,,,,,,,,,,,,,,,,,,,,,,,,,,,,,,,,,,-4.04,,,,,,3.29
,,,,,,,,,,,2.65,,,,,,,,,,,,,2.65,,,,,,,-2.78,,,,,,,,,,,,,,,,,,,,,,,,,,,,,,,,,,,,,,-4,,,,,,3.29
,,,,,,,,,,,2.65,,,,,,,,,,,,,2.65,,,,,,,-2.8,,,,,,,,,,,,,,,,,,,,,,,,,,,,,,,,,,,,,,-3.86,,,,,,3.32
,,,,,,,,,,,2.66,,,,,,,,,,,,,2.66,,,,,,,-2.84,,,,,,,,,,,,,,,,,,,,,,,,,,,,,,,,,,,,,,-3.68,,,,,,3.35
,,,,,,,,,,,2.66,,,,,,,,,,,,,2.66,,,,,,,-2.88,,,,,,,,,,,,,,,,,,,,,,,,,,,,,,,,,,,,,,-3.68,,,,,,3.35
,,,,,,,,,,,2.66,,,,,,,,,,,,,2.66,,,,,,,-2.91,,,,,,,,,,,,,,,,,,,,,,,,,,,,,,,,,,,,,,-3.54,,,,,,3.35
,,,,,,,,,,,2.66,,,,,,,,,,,,,2.66,,,,,,,-2.91,,,,,,,,,,,,,,,,,,,,,,,,,,,,,,,,,,,,,,-3.4,,,,,,3.35
,,,,,,,,,,,2.66,,,,,,,,,,,,,2.66,,,,,,,-2.86,,,,,,,,,,,,,,,,,,,,,,,,,,,,,,,,,,,,,,-2.9,,,,,,3.35
,,,,,,,,,,,2.66,,,,,,,,,,,,,2.66,,,,,,,-2.82,,,,,,,,,,,,,,,,,,,,,,,,,,,,,,,,,,,,,,-1.24,,,,,,3.35
,,,,,,,,,,,2.66,,,,,,,,,,,,,2.66,,,,,,,-2.73,,,,,,,,,,,,,,,,,,,,,,,,,,,,,,,,,,,,,,0.14,,,,,,3.35
,,,,,,,,,,,2.66,,,,,,,,,,,,,2.66,,,,,,,-2.73,,,,,,,,,,,,,,,,,,,,,,,,,,,,,,,,,,,,,,1.95,,,,,,3.35
,,,,,,,,,,,2.66,,,,,,,,,,,,,2.66,,,,,,,,,,,,,,,,,,,,,,,,,,,,,,,,,,,,,,,,,,,,,3.29,,,,,,3.35
,,,,,,,,,,,2.66,,,,,,,,,,,,,2.66,,,,,,,,,,,,,,,,,,,,,,,,,,,,,,,,,,,,,,,,,,,,,4.07,,,,,,3.35
,,,,,,,,,,,2.66,,,,,,,,,,,,,2.66,,,,,,,,,,,,,,,,,,,,,,,,,,,,,,,,,,,,,,,,,,,,,4.64,,,,,,3.35
,,,,,,,,,,,2.66,,,,,,,,,,,,,2.66,,,,,,,,,,,,,,,,,,,,,,,,,,,,,,,,,,,,,,,,,,,,,5.07,,,,,,3.35
,,,,,,,,,,,2.66,,,,,,,,,,,,,2.66,,,,,,,,,,,,,,,,,,,,,,,,,,,,,,,,,,,,,,,,,,,,,5.31,,,,,,3.35
,,,,,,,,,,,2.66,,,,,,,,,,,,,2.66,,,,,,,,,,,,,,,,,,,,,,,,,,,,,,,,,,,,,,,,,,,,,5.31,,,,,,3.35
,,,,,,,,,,,2.66,,,,,,,,,,,,,2.66,,,,,,,,,,,,,,,,,,,,,,,,,,,,,,,,,,,,,,,,,,,,,4.99,,,,,,3.35
,,,,,,,,,,,2.66,,,,,,,,,,,,,2.66,,,,,,,,,,,,,,,,,,,,,,,,,,,,,,,,,,,,,,,,,,,,,4.6,,,,,,3.35
,,,,,,,,,,,2.66,,,,,,,,,,,,,2.66,,,,,,,,,,,,,,,,,,,,,,,,,,,,,,,,,,,,,,,,,,,,,4.07,,,,,,3.35
,,,,,,,,,,,2.66,,,,,,,,,,,,,2.66,,,,,,,,,,,,,,,,,,,,,,,,,,,,,,,,,,,,,,,,,,,,,4.11,,,,,,3.35
,,,,,,,,,,,2.66,,,,,,,,,,,,,2.66,,,,,,,,,,,,,,,,,,,,,,,,,,,,,,,,,,,,,,,,,,,,,4.14,,,,,,3.35
,,,,,,,,,,,2.66,,,,,,,,,,,,,2.66,,,,,,,,,,,,,,,,,,,,,,,,,,,,,,,,,,,,,,,,,,,,,3.86,,,,,,3.35
,,,,,,,,,,,2.66,,,,,,,,,,,,,2.66,,,,,,,,,,,,,,,,,,,,,,,,,,,,,,,,,,,,,,,,,,,,,2.98,,,,,,3.35
,,,,,,,,,,,2.65,,,,,,,,,,,,,2.65,,,,,,,,,,,,,,,,,,,,,,,,,,,,,,,,,,,,,,,,,,,,,1.49,,,,,,3.35
,,,,,,,,,,,2.65,,,,,,,,,,,,,2.65,,,,,,,,,,,,,,,,,,,,,,,,,,,,,,,,,,,,,,,,,,,,,-0.28,,,,,,3.35
,,,,,,,,,,,2.65,,,,,,,,,,,,,2.65,,,,,,,,,,,,,,,,,,,,,,,,,,,,,,,,,,,,,,,,,,,,,-1.56,,,,,,3.32
,,,,,,,,,,,2.65,,,,,,,,,,,,,2.65,,,,,,,,,,,,,,,,,,,,,,,,,,,,,,,,,,,,,,,,,,,,,-2.09,,,,,,3.29
,,,,,,,,,,,2.63,,,,,,,,,,,,,2.63,,,,,,,,,,,,,,,,,,,,,,,,,,,,,,,,,,,,,,,,,,,,,,,,,,,3.29
,,,,,,,,,,,2.63,,,,,,,,,,,,,2.63,,,,,,,,,,,,,,,,,,,,,,,,,,,,,,,,,,,,,,,,,,,,,,,,,,,3.29
,,,,,,,,,,,2.62,,,,,,,,,,,,,2.62,,,,,,,,,,,,,,,,,,,,,,,,,,,,,,,,,,,,,,,,,,,,,,,,,,,3.29
,,,,,,,,,,,2.62,,,,,,,,,,,,,2.62,,,,,,,,,,,,,,,,,,,,,,,,,,,,,,,,,,,,,,,,,,,,,,,,,,,3.26
,,,,,,,,,,,2.62,,,,,,,,,,,,,2.62,,,,,,,,,,,,,,,,,,,,,,,,,,,,,,,,,,,,,,,,,,,,,,,,,,,3.26
,,,,,,,,,,,2.6,,,,,,,,,,,,,2.6,,,,,,,,,,,,,,,,,,,,,,,,,,,,,,,,,,,,,,,,,,,,,,,,,,,3.26
,,,,,,,,,,,2.6,,,,,,,,,,,,,2.6,,,,,,,,,,,,,,,,,,,,,,,,,,,,,,,,,,,,,,,,,,,,,,,,,,,3.26
,,,,,,,,,,,2.59,,,,,,,,,,,,,2.59,,,,,,,,,,,,,,,,,,,,,,,,,,,,,,,,,,,,,,,,,,,,,,,,,,,3.24
,,,,,,,,,,,2.59,,,,,,,,,,,,,2.59,,,,,,,,,,,,,,,,,,,,,,,,,,,,,,,,,,,,,,,,,,,,,,,,,,,3.21
,,,,,,,,,,,2.59,,,,,,,,,,,,,2.59,,,,,,,,,,,,,,,,,,,,,,,,,,,,,,,,,,,,,,,,,,,,,,,,,,,3.21
,,,,,,,,,,,2.56,,,,,,,,,,,,,2.56,,,,,,,,,,,,,,,,,,,,,,,,,,,,,,,,,,,,,,,,,,,,,,,,,,,3.18
,,,,,,,,,,,2.54,,,,,,,,,,,,,2.54,,,,,,,,,,,,,,,,,,,,,,,,,,,,,,,,,,,,,,,,,,,,,,,,,,,3.18
,,,,,,,,,,,2.51,,,,,,,,,,,,,2.51,,,,,,,,,,,,,,,,,,,,,,,,,,,,,,,,,,,,,,,,,,,,,,,,,,,3.15
,,,,,,,,,,,2.5,,,,,,,,,,,,,2.5,,,,,,,,,,,,,,,,,,,,,,,,,,,,,,,,,,,,,,,,,,,,,,,,,,,3.15
,,,,,,,,,,,2.47,,,,,,,,,,,,,2.47,,,,,,,,,,,,,,,,,,,,,,,,,,,,,,,,,,,,,,,,,,,,,,,,,,,3.15
,,,,,,,,,,,2.44,,,,,,,,,,,,,2.44,,,,,,,,,,,,,,,,,,,,,,,,,,,,,,,,,,,,,,,,,,,,,,,,,,,3.13
,,,,,,,,,,,2.41,,,,,,,,,,,,,2.41,,,,,,,,,,,,,,,,,,,,,,,,,,,,,,,,,,,,,,,,,,,,,,,,,,,3.13
,,,,,,,,,,,2.41,,,,,,,,,,,,,2.41,,,,,,,,,,,,,,,,,,,,,,,,,,,,,,,,,,,,,,,,,,,,,,,,,,,3.1
,,,,,,,,,,,2.39,,,,,,,,,,,,,2.39,,,,,,,,,,,,,,,,,,,,,,,,,,,,,,,,,,,,,,,,,,,,,,,,,,,3.1
,,,,,,,,,,,2.39,,,,,,,,,,,,,2.39,,,,,,,,,,,,,,,,,,,,,,,,,,,,,,,,,,,,,,,,,,,,,,,,,,,3.07
,,,,,,,,,,,2.36,,,,,,,,,,,,,2.36,,,,,,,,,,,,,,,,,,,,,,,,,,,,,,,,,,,,,,,,,,,,,,,,,,,3.07
,,,,,,,,,,,2.35,,,,,,,,,,,,,2.35,,,,,,,,,,,,,,,,,,,,,,,,,,,,,,,,,,,,,,,,,,,,,,,,,,,3.07
,,,,,,,,,,,2.35,,,,,,,,,,,,,2.35,,,,,,,,,,,,,,,,,,,,,,,,,,,,,,,,,,,,,,,,,,,,,,,,,,,3.07
,,,,,,,,,,,2.33,,,,,,,,,,,,,2.33,,,,,,,,,,,,,,,,,,,,,,,,,,,,,,,,,,,,,,,,,,,,,,,,,,,3.04
,,,,,,,,,,,2.33,,,,,,,,,,,,,2.33,,,,,,,,,,,,,,,,,,,,,,,,,,,,,,,,,,,,,,,,,,,,,,,,,,,3.04
,,,,,,,,,,,2.3,,,,,,,,,,,,,2.3,,,,,,,,,,,,,,,,,,,,,,,,,,,,,,,,,,,,,,,,,,,,,,,,,,,3.02
,,,,,,,,,,,2.3,,,,,,,,,,,,,2.3,,,,,,,,,,,,,,,,,,,,,,,,,,,,,,,,,,,,,,,,,,,,,,,,,,,3.02
,,,,,,,,,,,2.29,,,,,,,,,,,,,2.29,,,,,,,,,,,,,,,,,,,,,,,,,,,,,,,,,,,,,,,,,,,,,,,,,,,2.99
,,,,,,,,,,,2.27,,,,,,,,,,,,,2.27,,,,,,,,,,,,,,,,,,,,,,,,,,,,,,,,,,,,,,,,,,,,,,,,,,,2.99
,,,,,,,,,,,2.24,,,,,,,,,,,,,2.24,,,,,,,,,,,,,,,,,,,,,,,,,,,,,,,,,,,,,,,,,,,,,,,,,,,2.96
,,,,,,,,,,,2.24,,,,,,,,,,,,,2.24,,,,,,,,,,,,,,,,,,,,,,,,,,,,,,,,,,,,,,,,,,,,,,,,,,,2.93
,,,,,,,,,,,2.24,,,,,,,,,,,,,2.24,,,,,,,,,,,,,,,,,,,,,,,,,,,,,,,,,,,,,,,,,,,,,,,,,,,2.93
,,,,,,,,,,,2.24,,,,,,,,,,,,,2.24,,,,,,,,,,,,,,,,,,,,,,,,,,,,,,,,,,,,,,,,,,,,,,,,,,,2.93
,,,,,,,,,,,2.24,,,,,,,,,,,,,2.24,,,,,,,,,,,,,,,,,,,,,,,,,,,,,,,,,,,,,,,,,,,,,,,,,,,2.9
,,,,,,,,,,,2.24,,,,,,,,,,,,,2.24,,,,,,,,,,,,,,,,,,,,,,,,,,,,,,,,,,,,,,,,,,,,,,,,,,,
,,,,,,,,,,,2.23,,,,,,,,,,,,,2.23,,,,,,,,,,,,,,,,,,,,,,,,,,,,,,,,,,,,,,,,,,,,,,,,,,,
,,,,,,,,,,,2.19,,,,,,,,,,,,,2.19,,,,,,,,,,,,,,,,,,,,,,,,,,,,,,,,,,,,,,,,,,,,,,,,,,,
,,,,,,,,,,,2.16,,,,,,,,,,,,,2.16,,,,,,,,,,,,,,,,,,,,,,,,,,,,,,,,,,,,,,,,,,,,,,,,,,,
,,,,,,,,,,,2.15,,,,,,,,,,,,,2.15,,,,,,,,,,,,,,,,,,,,,,,,,,,,,,,,,,,,,,,,,,,,,,,,,,,
,,,,,,,,,,,2.15,,,,,,,,,,,,,2.15,,,,,,,,,,,,,,,,,,,,,,,,,,,,,,,,,,,,,,,,,,,,,,,,,,,
,,,,,,,,,,,2.15,,,,,,,,,,,,,2.15,,,,,,,,,,,,,,,,,,,,,,,,,,,,,,,,,,,,,,,,,,,,,,,,,,,
,,,,,,,,,,,2.15,,,,,,,,,,,,,2.15,,,,,,,,,,,,,,,,,,,,,,,,,,,,,,,,,,,,,,,,,,,,,,,,,,,
,,,,,,,,,,,2.15,,,,,,,,,,,,,2.15,,,,,,,,,,,,,,,,,,,,,,,,,,,,,,,,,,,,,,,,,,,,,,,,,,,
,,,,,,,,,,,2.15,,,,,,,,,,,,,2.15,,,,,,,,,,,,,,,,,,,,,,,,,,,,,,,,,,,,,,,,,,,,,,,,,,,
,,,,,,,,,,,2.15,,,,,,,,,,,,,2.15,,,,,,,,,,,,,,,,,,,,,,,,,,,,,,,,,,,,,,,,,,,,,,,,,,,
,,,,,,,,,,,2.15,,,,,,,,,,,,,2.15,,,,,,,,,,,,,,,,,,,,,,,,,,,,,,,,,,,,,,,,,,,,,,,,,,,
,,,,,,,,,,,2.15,,,,,,,,,,,,,2.15,,,,,,,,,,,,,,,,,,,,,,,,,,,,,,,,,,,,,,,,,,,,,,,,,,,
,,,,,,,,,,,2.15,,,,,,,,,,,,,2.15,,,,,,,,,,,,,,,,,,,,,,,,,,,,,,,,,,,,,,,,,,,,,,,,,,,
,,,,,,,,,,,2.15,,,,,,,,,,,,,2.15,,,,,,,,,,,,,,,,,,,,,,,,,,,,,,,,,,,,,,,,,,,,,,,,,,,
,,,,,,,,,,,2.15,,,,,,,,,,,,,2.15,,,,,,,,,,,,,,,,,,,,,,,,,,,,,,,,,,,,,,,,,,,,,,,,,,,
,,,,,,,,,,,2.15,,,,,,,,,,,,,2.15,,,,,,,,,,,,,,,,,,,,,,,,,,,,,,,,,,,,,,,,,,,,,,,,,,,
,,,,,,,,,,,2.15,,,,,,,,,,,,,2.15,,,,,,,,,,,,,,,,,,,,,,,,,,,,,,,,,,,,,,,,,,,,,,,,,,,
,,,,,,,,,,,2.13,,,,,,,,,,,,,2.13,,,,,,,,,,,,,,,,,,,,,,,,,,,,,,,,,,,,,,,,,,,,,,,,,,,
,,,,,,,,,,,2.12,,,,,,,,,,,,,2.12,,,,,,,,,,,,,,,,,,,,,,,,,,,,,,,,,,,,,,,,,,,,,,,,,,,
,,,,,,,,,,,2.12,,,,,,,,,,,,,2.12,,,,,,,,,,,,,,,,,,,,,,,,,,,,,,,,,,,,,,,,,,,,,,,,,,,
,,,,,,,,,,,2.12,,,,,,,,,,,,,2.12,,,,,,,,,,,,,,,,,,,,,,,,,,,,,,,,,,,,,,,,,,,,,,,,,,,
,,,,,,,,,,,2.12,,,,,,,,,,,,,2.12,,,,,,,,,,,,,,,,,,,,,,,,,,,,,,,,,,,,,,,,,,,,,,,,,,,
,,,,,,,,,,,2.09,,,,,,,,,,,,,2.09,,,,,,,,,,,,,,,,,,,,,,,,,,,,,,,,,,,,,,,,,,,,,,,,,,,
,,,,,,,,,,,2.09,,,,,,,,,,,,,2.09,,,,,,,,,,,,,,,,,,,,,,,,,,,,,,,,,,,,,,,,,,,,,,,,,,,
,,,,,,,,,,,2.07,,,,,,,,,,,,,2.07,,,,,,,,,,,,,,,,,,,,,,,,,,,,,,,,,,,,,,,,,,,,,,,,,,,
,,,,,,,,,,,2.06,,,,,,,,,,,,,2.06,,,,,,,,,,,,,,,,,,,,,,,,,,,,,,,,,,,,,,,,,,,,,,,,,,,
,,,,,,,,,,,2.06,,,,,,,,,,,,,2.06,,,,,,,,,,,,,,,,,,,,,,,,,,,,,,,,,,,,,,,,,,,,,,,,,,,
,,,,,,,,,,,2.03,,,,,,,,,,,,,2.03,,,,,,,,,,,,,,,,,,,,,,,,,,,,,,,,,,,,,,,,,,,,,,,,,,,
,,,,,,,,,,,2.01,,,,,,,,,,,,,2.01,,,,,,,,,,,,,,,,,,,,,,,,,,,,,,,,,,,,,,,,,,,,,,,,,,,
,,,,,,,,,,,1.98,,,,,,,,,,,,,1.98,,,,,,,,,,,,,,,,,,,,,,,,,,,,,,,,,,,,,,,,,,,,,,,,,,,
,,,,,,,,,,,1.94,,,,,,,,,,,,,1.94,,,,,,,,,,,,,,,,,,,,,,,,,,,,,,,,,,,,,,,,,,,,,,,,,,,
,,,,,,,,,,,1.92,,,,,,,,,,,,,1.92,,,,,,,,,,,,,,,,,,,,,,,,,,,,,,,,,,,,,,,,,,,,,,,,,,,
,,,,,,,,,,,1.88,,,,,,,,,,,,,1.88,,,,,,,,,,,,,,,,,,,,,,,,,,,,,,,,,,,,,,,,,,,,,,,,,,,
,,,,,,,,,,,1.86,,,,,,,,,,,,,1.86,,,,,,,,,,,,,,,,,,,,,,,,,,,,,,,,,,,,,,,,,,,,,,,,,,,
,,,,,,,,,,,1.85,,,,,,,,,,,,,1.85,,,,,,,,,,,,,,,,,,,,,,,,,,,,,,,,,,,,,,,,,,,,,,,,,,,
,,,,,,,,,,,1.83,,,,,,,,,,,,,1.83,,,,,,,,,,,,,,,,,,,,,,,,,,,,,,,,,,,,,,,,,,,,,,,,,,,
,,,,,,,,,,,1.82,,,,,,,,,,,,,1.82,,,,,,,,,,,,,,,,,,,,,,,,,,,,,,,,,,,,,,,,,,,,,,,,,,,
,,,,,,,,,,,1.82,,,,,,,,,,,,,1.82,,,,,,,,,,,,,,,,,,,,,,,,,,,,,,,,,,,,,,,,,,,,,,,,,,,
,,,,,,,,,,,1.79,,,,,,,,,,,,,1.79,,,,,,,,,,,,,,,,,,,,,,,,,,,,,,,,,,,,,,,,,,,,,,,,,,,
,,,,,,,,,,,1.77,,,,,,,,,,,,,1.77,,,,,,,,,,,,,,,,,,,,,,,,,,,,,,,,,,,,,,,,,,,,,,,,,,,
,,,,,,,,,,,1.76,,,,,,,,,,,,,1.76,,,,,,,,,,,,,,,,,,,,,,,,,,,,,,,,,,,,,,,,,,,,,,,,,,,
,,,,,,,,,,,1.74,,,,,,,,,,,,,1.74,,,,,,,,,,,,,,,,,,,,,,,,,,,,,,,,,,,,,,,,,,,,,,,,,,,
,,,,,,,,,,,1.71,,,,,,,,,,,,,1.71,,,,,,,,,,,,,,,,,,,,,,,,,,,,,,,,,,,,,,,,,,,,,,,,,,,
,,,,,,,,,,,1.65,,,,,,,,,,,,,1.65,,,,,,,,,,,,,,,,,,,,,,,,,,,,,,,,,,,,,,,,,,,,,,,,,,,
,,,,,,,,,,,1.63,,,,,,,,,,,,,1.63,,,,,,,,,,,,,,,,,,,,,,,,,,,,,,,,,,,,,,,,,,,,,,,,,,,
,,,,,,,,,,,1.63,,,,,,,,,,,,,1.63,,,,,,,,,,,,,,,,,,,,,,,,,,,,,,,,,,,,,,,,,,,,,,,,,,,
,,,,,,,,,,,1.62,,,,,,,,,,,,,1.62,,,,,,,,,,,,,,,,,,,,,,,,,,,,,,,,,,,,,,,,,,,,,,,,,,,
,,,,,,,,,,,1.6,,,,,,,,,,,,,1.6,,,,,,,,,,,,,,,,,,,,,,,,,,,,,,,,,,,,,,,,,,,,,,,,,,,
,,,,,,,,,,,1.57,,,,,,,,,,,,,1.57,,,,,,,,,,,,,,,,,,,,,,,,,,,,,,,,,,,,,,,,,,,,,,,,,,,
,,,,,,,,,,,1.57,,,,,,,,,,,,,1.57,,,,,,,,,,,,,,,,,,,,,,,,,,,,,,,,,,,,,,,,,,,,,,,,,,,
,,,,,,,,,,,1.56,,,,,,,,,,,,,1.56,,,,,,,,,,,,,,,,,,,,,,,,,,,,,,,,,,,,,,,,,,,,,,,,,,,
,,,,,,,,,,,1.54,,,,,,,,,,,,,1.54,,,,,,,,,,,,,,,,,,,,,,,,,,,,,,,,,,,,,,,,,,,,,,,,,,,
,,,,,,,,,,,1.53,,,,,,,,,,,,,1.53,,,,,,,,,,,,,,,,,,,,,,,,,,,,,,,,,,,,,,,,,,,,,,,,,,,
,,,,,,,,,,,1.53,,,,,,,,,,,,,1.53,,,,,,,,,,,,,,,,,,,,,,,,,,,,,,,,,,,,,,,,,,,,,,,,,,,
,,,,,,,,,,,1.51,,,,,,,,,,,,,1.51,,,,,,,,,,,,,,,,,,,,,,,,,,,,,,,,,,,,,,,,,,,,,,,,,,,
,,,,,,,,,,,1.5,,,,,,,,,,,,,1.5,,,,,,,,,,,,,,,,,,,,,,,,,,,,,,,,,,,,,,,,,,,,,,,,,,,
,,,,,,,,,,,1.48,,,,,,,,,,,,,1.48,,,,,,,,,,,,,,,,,,,,,,,,,,,,,,,,,,,,,,,,,,,,,,,,,,,
,,,,,,,,,,,1.47,,,,,,,,,,,,,1.47,,,,,,,,,,,,,,,,,,,,,,,,,,,,,,,,,,,,,,,,,,,,,,,,,,,
,,,,,,,,,,,1.45,,,,,,,,,,,,,1.45,,,,,,,,,,,,,,,,,,,,,,,,,,,,,,,,,,,,,,,,,,,,,,,,,,,
,,,,,,,,,,,1.44,,,,,,,,,,,,,1.44,,,,,,,,,,,,,,,,,,,,,,,,,,,,,,,,,,,,,,,,,,,,,,,,,,,
,,,,,,,,,,,1.44,,,,,,,,,,,,,1.44,,,,,,,,,,,,,,,,,,,,,,,,,,,,,,,,,,,,,,,,,,,,,,,,,,,
,,,,,,,,,,,1.42,,,,,,,,,,,,,1.42,,,,,,,,,,,,,,,,,,,,,,,,,,,,,,,,,,,,,,,,,,,,,,,,,,,
,,,,,,,,,,,1.41,,,,,,,,,,,,,1.41,,,,,,,,,,,,,,,,,,,,,,,,,,,,,,,,,,,,,,,,,,,,,,,,,,,
,,,,,,,,,,,1.38,,,,,,,,,,,,,1.38,,,,,,,,,,,,,,,,,,,,,,,,,,,,,,,,,,,,,,,,,,,,,,,,,,,
,,,,,,,,,,,1.38,,,,,,,,,,,,,1.38,,,,,,,,,,,,,,,,,,,,,,,,,,,,,,,,,,,,,,,,,,,,,,,,,,,
,,,,,,,,,,,1.32,,,,,,,,,,,,,1.32,,,,,,,,,,,,,,,,,,,,,,,,,,,,,,,,,,,,,,,,,,,,,,,,,,,
,,,,,,,,,,,1.3,,,,,,,,,,,,,1.3,,,,,,,,,,,,,,,,,,,,,,,,,,,,,,,,,,,,,,,,,,,,,,,,,,,
,,,,,,,,,,,1.29,,,,,,,,,,,,,1.29,,,,,,,,,,,,,,,,,,,,,,,,,,,,,,,,,,,,,,,,,,,,,,,,,,,
,,,,,,,,,,,1.27,,,,,,,,,,,,,1.27,,,,,,,,,,,,,,,,,,,,,,,,,,,,,,,,,,,,,,,,,,,,,,,,,,,
,,,,,,,,,,,1.24,,,,,,,,,,,,,1.24,,,,,,,,,,,,,,,,,,,,,,,,,,,,,,,,,,,,,,,,,,,,,,,,,,,
,,,,,,,,,,,1.21,,,,,,,,,,,,,1.21,,,,,,,,,,,,,,,,,,,,,,,,,,,,,,,,,,,,,,,,,,,,,,,,,,,
,,,,,,,,,,,1.18,,,,,,,,,,,,,1.18,,,,,,,,,,,,,,,,,,,,,,,,,,,,,,,,,,,,,,,,,,,,,,,,,,,
,,,,,,,,,,,1.17,,,,,,,,,,,,,1.17,,,,,,,,,,,,,,,,,,,,,,,,,,,,,,,,,,,,,,,,,,,,,,,,,,,
,,,,,,,,,,,1.15,,,,,,,,,,,,,1.15,,,,,,,,,,,,,,,,,,,,,,,,,,,,,,,,,,,,,,,,,,,,,,,,,,,
,,,,,,,,,,,1.12,,,,,,,,,,,,,1.12,,,,,,,,,,,,,,,,,,,,,,,,,,,,,,,,,,,,,,,,,,,,,,,,,,,
,,,,,,,,,,,1.09,,,,,,,,,,,,,1.09,,,,,,,,,,,,,,,,,,,,,,,,,,,,,,,,,,,,,,,,,,,,,,,,,,,
,,,,,,,,,,,1.09,,,,,,,,,,,,,1.09,,,,,,,,,,,,,,,,,,,,,,,,,,,,,,,,,,,,,,,,,,,,,,,,,,,
,,,,,,,,,,,1.07,,,,,,,,,,,,,1.07,,,,,,,,,,,,,,,,,,,,,,,,,,,,,,,,,,,,,,,,,,,,,,,,,,,
,,,,,,,,,,,1.06,,,,,,,,,,,,,1.06,,,,,,,,,,,,,,,,,,,,,,,,,,,,,,,,,,,,,,,,,,,,,,,,,,,
,,,,,,,,,,,1.06,,,,,,,,,,,,,1.06,,,,,,,,,,,,,,,,,,,,,,,,,,,,,,,,,,,,,,,,,,,,,,,,,,,
,,,,,,,,,,,1.03,,,,,,,,,,,,,1.03,,,,,,,,,,,,,,,,,,,,,,,,,,,,,,,,,,,,,,,,,,,,,,,,,,,
,,,,,,,,,,,1.03,,,,,,,,,,,,,1.03,,,,,,,,,,,,,,,,,,,,,,,,,,,,,,,,,,,,,,,,,,,,,,,,,,,
,,,,,,,,,,,1,,,,,,,,,,,,,1,,,,,,,,,,,,,,,,,,,,,,,,,,,,,,,,,,,,,,,,,,,,,,,,,,,
,,,,,,,,,,,0.98,,,,,,,,,,,,,0.98,,,,,,,,,,,,,,,,,,,,,,,,,,,,,,,,,,,,,,,,,,,,,,,,,,,
,,,,,,,,,,,0.97,,,,,,,,,,,,,0.97,,,,,,,,,,,,,,,,,,,,,,,,,,,,,,,,,,,,,,,,,,,,,,,,,,,
,,,,,,,,,,,0.94,,,,,,,,,,,,,0.94,,,,,,,,,,,,,,,,,,,,,,,,,,,,,,,,,,,,,,,,,,,,,,,,,,,
,,,,,,,,,,,0.94,,,,,,,,,,,,,0.94,,,,,,,,,,,,,,,,,,,,,,,,,,,,,,,,,,,,,,,,,,,,,,,,,,,
,,,,,,,,,,,0.94,,,,,,,,,,,,,0.94,,,,,,,,,,,,,,,,,,,,,,,,,,,,,,,,,,,,,,,,,,,,,,,,,,,
,,,,,,,,,,,0.92,,,,,,,,,,,,,0.92,,,,,,,,,,,,,,,,,,,,,,,,,,,,,,,,,,,,,,,,,,,,,,,,,,,
,,,,,,,,,,,0.92,,,,,,,,,,,,,0.92,,,,,,,,,,,,,,,,,,,,,,,,,,,,,,,,,,,,,,,,,,,,,,,,,,,
,,,,,,,,,,,0.92,,,,,,,,,,,,,0.92,,,,,,,,,,,,,,,,,,,,,,,,,,,,,,,,,,,,,,,,,,,,,,,,,,,
,,,,,,,,,,,0.92,,,,,,,,,,,,,0.92,,,,,,,,,,,,,,,,,,,,,,,,,,,,,,,,,,,,,,,,,,,,,,,,,,,
,,,,,,,,,,,0.91,,,,,,,,,,,,,0.91,,,,,,,,,,,,,,,,,,,,,,,,,,,,,,,,,,,,,,,,,,,,,,,,,,,
,,,,,,,,,,,0.91,,,,,,,,,,,,,0.91,,,,,,,,,,,,,,,,,,,,,,,,,,,,,,,,,,,,,,,,,,,,,,,,,,,
,,,,,,,,,,,0.91,,,,,,,,,,,,,0.91,,,,,,,,,,,,,,,,,,,,,,,,,,,,,,,,,,,,,,,,,,,,,,,,,,,
,,,,,,,,,,,0.88,,,,,,,,,,,,,0.88,,,,,,,,,,,,,,,,,,,,,,,,,,,,,,,,,,,,,,,,,,,,,,,,,,,
,,,,,,,,,,,0.86,,,,,,,,,,,,,0.86,,,,,,,,,,,,,,,,,,,,,,,,,,,,,,,,,,,,,,,,,,,,,,,,,,,
,,,,,,,,,,,0.85,,,,,,,,,,,,,0.85,,,,,,,,,,,,,,,,,,,,,,,,,,,,,,,,,,,,,,,,,,,,,,,,,,,
,,,,,,,,,,,0.83,,,,,,,,,,,,,0.83,,,,,,,,,,,,,,,,,,,,,,,,,,,,,,,,,,,,,,,,,,,,,,,,,,,
,,,,,,,,,,,0.82,,,,,,,,,,,,,0.82,,,,,,,,,,,,,,,,,,,,,,,,,,,,,,,,,,,,,,,,,,,,,,,,,,,
,,,,,,,,,,,0.79,,,,,,,,,,,,,0.79,,,,,,,,,,,,,,,,,,,,,,,,,,,,,,,,,,,,,,,,,,,,,,,,,,,
,,,,,,,,,,,0.76,,,,,,,,,,,,,0.76,,,,,,,,,,,,,,,,,,,,,,,,,,,,,,,,,,,,,,,,,,,,,,,,,,,
,,,,,,,,,,,0.73,,,,,,,,,,,,,0.73,,,,,,,,,,,,,,,,,,,,,,,,,,,,,,,,,,,,,,,,,,,,,,,,,,,
,,,,,,,,,,,0.7,,,,,,,,,,,,,0.7,,,,,,,,,,,,,,,,,,,,,,,,,,,,,,,,,,,,,,,,,,,,,,,,,,,
,,,,,,,,,,,0.67,,,,,,,,,,,,,0.67,,,,,,,,,,,,,,,,,,,,,,,,,,,,,,,,,,,,,,,,,,,,,,,,,,,
,,,,,,,,,,,0.65,,,,,,,,,,,,,0.65,,,,,,,,,,,,,,,,,,,,,,,,,,,,,,,,,,,,,,,,,,,,,,,,,,,
,,,,,,,,,,,0.64,,,,,,,,,,,,,0.64,,,,,,,,,,,,,,,,,,,,,,,,,,,,,,,,,,,,,,,,,,,,,,,,,,,
,,,,,,,,,,,0.61,,,,,,,,,,,,,0.61,,,,,,,,,,,,,,,,,,,,,,,,,,,,,,,,,,,,,,,,,,,,,,,,,,,
,,,,,,,,,,,0.58,,,,,,,,,,,,,0.58,,,,,,,,,,,,,,,,,,,,,,,,,,,,,,,,,,,,,,,,,,,,,,,,,,,
,,,,,,,,,,,0.56,,,,,,,,,,,,,0.56,,,,,,,,,,,,,,,,,,,,,,,,,,,,,,,,,,,,,,,,,,,,,,,,,,,
,,,,,,,,,,,0.54,,,,,,,,,,,,,0.54,,,,,,,,,,,,,,,,,,,,,,,,,,,,,,,,,,,,,,,,,,,,,,,,,,,
,,,,,,,,,,,0.5,,,,,,,,,,,,,0.5,,,,,,,,,,,,,,,,,,,,,,,,,,,,,,,,,,,,,,,,,,,,,,,,,,,
,,,,,,,,,,,0.48,,,,,,,,,,,,,0.48,,,,,,,,,,,,,,,,,,,,,,,,,,,,,,,,,,,,,,,,,,,,,,,,,,,
,,,,,,,,,,,0.45,,,,,,,,,,,,,0.45,,,,,,,,,,,,,,,,,,,,,,,,,,,,,,,,,,,,,,,,,,,,,,,,,,,
,,,,,,,,,,,0.44,,,,,,,,,,,,,0.44,,,,,,,,,,,,,,,,,,,,,,,,,,,,,,,,,,,,,,,,,,,,,,,,,,,
,,,,,,,,,,,0.42,,,,,,,,,,,,,0.42,,,,,,,,,,,,,,,,,,,,,,,,,,,,,,,,,,,,,,,,,,,,,,,,,,,
,,,,,,,,,,,0.39,,,,,,,,,,,,,0.39,,,,,,,,,,,,,,,,,,,,,,,,,,,,,,,,,,,,,,,,,,,,,,,,,,,
,,,,,,,,,,,0.38,,,,,,,,,,,,,0.38,,,,,,,,,,,,,,,,,,,,,,,,,,,,,,,,,,,,,,,,,,,,,,,,,,,
,,,,,,,,,,,0.36,,,,,,,,,,,,,0.36,,,,,,,,,,,,,,,,,,,,,,,,,,,,,,,,,,,,,,,,,,,,,,,,,,,
,,,,,,,,,,,0.35,,,,,,,,,,,,,0.35,,,,,,,,,,,,,,,,,,,,,,,,,,,,,,,,,,,,,,,,,,,,,,,,,,,
,,,,,,,,,,,0.33,,,,,,,,,,,,,0.33,,,,,,,,,,,,,,,,,,,,,,,,,,,,,,,,,,,,,,,,,,,,,,,,,,,
,,,,,,,,,,,0.32,,,,,,,,,,,,,0.32,,,,,,,,,,,,,,,,,,,,,,,,,,,,,,,,,,,,,,,,,,,,,,,,,,,
,,,,,,,,,,,0.29,,,,,,,,,,,,,0.29,,,,,,,,,,,,,,,,,,,,,,,,,,,,,,,,,,,,,,,,,,,,,,,,,,,
,,,,,,,,,,,0.26,,,,,,,,,,,,,0.26,,,,,,,,,,,,,,,,,,,,,,,,,,,,,,,,,,,,,,,,,,,,,,,,,,,
,,,,,,,,,,,0.24,,,,,,,,,,,,,0.24,,,,,,,,,,,,,,,,,,,,,,,,,,,,,,,,,,,,,,,,,,,,,,,,,,,
,,,,,,,,,,,0.21,,,,,,,,,,,,,0.21,,,,,,,,,,,,,,,,,,,,,,,,,,,,,,,,,,,,,,,,,,,,,,,,,,,
,,,,,,,,,,,0.2,,,,,,,,,,,,,0.2,,,,,,,,,,,,,,,,,,,,,,,,,,,,,,,,,,,,,,,,,,,,,,,,,,,
,,,,,,,,,,,0.17,,,,,,,,,,,,,0.17,,,,,,,,,,,,,,,,,,,,,,,,,,,,,,,,,,,,,,,,,,,,,,,,,,,
,,,,,,,,,,,0.12,,,,,,,,,,,,,0.12,,,,,,,,,,,,,,,,,,,,,,,,,,,,,,,,,,,,,,,,,,,,,,,,,,,
,,,,,,,,,,,0.08,,,,,,,,,,,,,0.08,,,,,,,,,,,,,,,,,,,,,,,,,,,,,,,,,,,,,,,,,,,,,,,,,,,
,,,,,,,,,,,0.06,,,,,,,,,,,,,0.06,,,,,,,,,,,,,,,,,,,,,,,,,,,,,,,,,,,,,,,,,,,,,,,,,,,
,,,,,,,,,,,0.05,,,,,,,,,,,,,0.05,,,,,,,,,,,,,,,,,,,,,,,,,,,,,,,,,,,,,,,,,,,,,,,,,,,
,,,,,,,,,,,0.03,,,,,,,,,,,,,0.03,,,,,,,,,,,,,,,,,,,,,,,,,,,,,,,,,,,,,,,,,,,,,,,,,,,
,,,,,,,,,,,0,,,,,,,,,,,,,0,,,,,,,,,,,,,,,,,,,,,,,,,,,,,,,,,,,,,,,,,,,,,,,,,,,
,,,,,,,,,,,-0.03,,,,,,,,,,,,,-0.03,,,,,,,,,,,,,,,,,,,,,,,,,,,,,,,,,,,,,,,,,,,,,,,,,,,
,,,,,,,,,,,-0.05,,,,,,,,,,,,,-0.05,,,,,,,,,,,,,,,,,,,,,,,,,,,,,,,,,,,,,,,,,,,,,,,,,,,
,,,,,,,,,,,-0.08,,,,,,,,,,,,,-0.08,,,,,,,,,,,,,,,,,,,,,,,,,,,,,,,,,,,,,,,,,,,,,,,,,,,
,,,,,,,,,,,-0.09,,,,,,,,,,,,,-0.09,,,,,,,,,,,,,,,,,,,,,,,,,,,,,,,,,,,,,,,,,,,,,,,,,,,
,,,,,,,,,,,-0.11,,,,,,,,,,,,,-0.11,,,,,,,,,,,,,,,,,,,,,,,,,,,,,,,,,,,,,,,,,,,,,,,,,,,
,,,,,,,,,,,-0.14,,,,,,,,,,,,,-0.14,,,,,,,,,,,,,,,,,,,,,,,,,,,,,,,,,,,,,,,,,,,,,,,,,,,
,,,,,,,,,,,-0.15,,,,,,,,,,,,,-0.15,,,,,,,,,,,,,,,,,,,,,,,,,,,,,,,,,,,,,,,,,,,,,,,,,,,
,,,,,,,,,,,-0.15,,,,,,,,,,,,,-0.15,,,,,,,,,,,,,,,,,,,,,,,,,,,,,,,,,,,,,,,,,,,,,,,,,,,
,,,,,,,,,,,-0.18,,,,,,,,,,,,,-0.18,,,,,,,,,,,,,,,,,,,,,,,,,,,,,,,,,,,,,,,,,,,,,,,,,,,
,,,,,,,,,,,-0.23,,,,,,,,,,,,,-0.23,,,,,,,,,,,,,,,,,,,,,,,,,,,,,,,,,,,,,,,,,,,,,,,,,,,
,,,,,,,,,,,-0.24,,,,,,,,,,,,,-0.24,,,,,,,,,,,,,,,,,,,,,,,,,,,,,,,,,,,,,,,,,,,,,,,,,,,
,,,,,,,,,,,-0.29,,,,,,,,,,,,,-0.29,,,,,,,,,,,,,,,,,,,,,,,,,,,,,,,,,,,,,,,,,,,,,,,,,,,
,,,,,,,,,,,-0.29,,,,,,,,,,,,,-0.29,,,,,,,,,,,,,,,,,,,,,,,,,,,,,,,,,,,,,,,,,,,,,,,,,,,
,,,,,,,,,,,-0.3,,,,,,,,,,,,,-0.3,,,,,,,,,,,,,,,,,,,,,,,,,,,,,,,,,,,,,,,,,,,,,,,,,,,
,,,,,,,,,,,-0.35,,,,,,,,,,,,,-0.35,,,,,,,,,,,,,,,,,,,,,,,,,,,,,,,,,,,,,,,,,,,,,,,,,,,
,,,,,,,,,,,-0.36,,,,,,,,,,,,,-0.36,,,,,,,,,,,,,,,,,,,,,,,,,,,,,,,,,,,,,,,,,,,,,,,,,,,
,,,,,,,,,,,-0.36,,,,,,,,,,,,,-0.36,,,,,,,,,,,,,,,,,,,,,,,,,,,,,,,,,,,,,,,,,,,,,,,,,,,
,,,,,,,,,,,-0.38,,,,,,,,,,,,,-0.38,,,,,,,,,,,,,,,,,,,,,,,,,,,,,,,,,,,,,,,,,,,,,,,,,,,
,,,,,,,,,,,-0.41,,,,,,,,,,,,,-0.41,,,,,,,,,,,,,,,,,,,,,,,,,,,,,,,,,,,,,,,,,,,,,,,,,,,
,,,,,,,,,,,-0.41,,,,,,,,,,,,,-0.41,,,,,,,,,,,,,,,,,,,,,,,,,,,,,,,,,,,,,,,,,,,,,,,,,,,
,,,,,,,,,,,-0.42,,,,,,,,,,,,,-0.42,,,,,,,,,,,,,,,,,,,,,,,,,,,,,,,,,,,,,,,,,,,,,,,,,,,
,,,,,,,,,,,-0.44,,,,,,,,,,,,,-0.44,,,,,,,,,,,,,,,,,,,,,,,,,,,,,,,,,,,,,,,,,,,,,,,,,,,
,,,,,,,,,,,-0.45,,,,,,,,,,,,,-0.45,,,,,,,,,,,,,,,,,,,,,,,,,,,,,,,,,,,,,,,,,,,,,,,,,,,
,,,,,,,,,,,-0.48,,,,,,,,,,,,,-0.48,,,,,,,,,,,,,,,,,,,,,,,,,,,,,,,,,,,,,,,,,,,,,,,,,,,
,,,,,,,,,,,-0.48,,,,,,,,,,,,,-0.48,,,,,,,,,,,,,,,,,,,,,,,,,,,,,,,,,,,,,,,,,,,,,,,,,,,
,,,,,,,,,,,-0.53,,,,,,,,,,,,,-0.53,,,,,,,,,,,,,,,,,,,,,,,,,,,,,,,,,,,,,,,,,,,,,,,,,,,
,,,,,,,,,,,-0.56,,,,,,,,,,,,,-0.56,,,,,,,,,,,,,,,,,,,,,,,,,,,,,,,,,,,,,,,,,,,,,,,,,,,
,,,,,,,,,,,-0.58,,,,,,,,,,,,,-0.58,,,,,,,,,,,,,,,,,,,,,,,,,,,,,,,,,,,,,,,,,,,,,,,,,,,
,,,,,,,,,,,-0.59,,,,,,,,,,,,,-0.59,,,,,,,,,,,,,,,,,,,,,,,,,,,,,,,,,,,,,,,,,,,,,,,,,,,
,,,,,,,,,,,-0.61,,,,,,,,,,,,,-0.61,,,,,,,,,,,,,,,,,,,,,,,,,,,,,,,,,,,,,,,,,,,,,,,,,,,
,,,,,,,,,,,-0.62,,,,,,,,,,,,,-0.62,,,,,,,,,,,,,,,,,,,,,,,,,,,,,,,,,,,,,,,,,,,,,,,,,,,
,,,,,,,,,,,-0.62,,,,,,,,,,,,,-0.62,,,,,,,,,,,,,,,,,,,,,,,,,,,,,,,,,,,,,,,,,,,,,,,,,,,
,,,,,,,,,,,-0.64,,,,,,,,,,,,,-0.64,,,,,,,,,,,,,,,,,,,,,,,,,,,,,,,,,,,,,,,,,,,,,,,,,,,
,,,,,,,,,,,-0.67,,,,,,,,,,,,,-0.67,,,,,,,,,,,,,,,,,,,,,,,,,,,,,,,,,,,,,,,,,,,,,,,,,,,
,,,,,,,,,,,-0.68,,,,,,,,,,,,,-0.68,,,,,,,,,,,,,,,,,,,,,,,,,,,,,,,,,,,,,,,,,,,,,,,,,,,
,,,,,,,,,,,-0.76,,,,,,,,,,,,,-0.76,,,,,,,,,,,,,,,,,,,,,,,,,,,,,,,,,,,,,,,,,,,,,,,,,,,
,,,,,,,,,,,-0.79,,,,,,,,,,,,,-0.79,,,,,,,,,,,,,,,,,,,,,,,,,,,,,,,,,,,,,,,,,,,,,,,,,,,
,,,,,,,,,,,-0.79,,,,,,,,,,,,,-0.79,,,,,,,,,,,,,,,,,,,,,,,,,,,,,,,,,,,,,,,,,,,,,,,,,,,
,,,,,,,,,,,-0.82,,,,,,,,,,,,,-0.82,,,,,,,,,,,,,,,,,,,,,,,,,,,,,,,,,,,,,,,,,,,,,,,,,,,
,,,,,,,,,,,-0.83,,,,,,,,,,,,,-0.83,,,,,,,,,,,,,,,,,,,,,,,,,,,,,,,,,,,,,,,,,,,,,,,,,,,
,,,,,,,,,,,-0.85,,,,,,,,,,,,,-0.85,,,,,,,,,,,,,,,,,,,,,,,,,,,,,,,,,,,,,,,,,,,,,,,,,,,
,,,,,,,,,,,-0.86,,,,,,,,,,,,,-0.86,,,,,,,,,,,,,,,,,,,,,,,,,,,,,,,,,,,,,,,,,,,,,,,,,,,
,,,,,,,,,,,-0.86,,,,,,,,,,,,,-0.86,,,,,,,,,,,,,,,,,,,,,,,,,,,,,,,,,,,,,,,,,,,,,,,,,,,
,,,,,,,,,,,-0.88,,,,,,,,,,,,,-0.88,,,,,,,,,,,,,,,,,,,,,,,,,,,,,,,,,,,,,,,,,,,,,,,,,,,
,,,,,,,,,,,-0.88,,,,,,,,,,,,,-0.88,,,,,,,,,,,,,,,,,,,,,,,,,,,,,,,,,,,,,,,,,,,,,,,,,,,
,,,,,,,,,,,-0.89,,,,,,,,,,,,,-0.89,,,,,,,,,,,,,,,,,,,,,,,,,,,,,,,,,,,,,,,,,,,,,,,,,,,
,,,,,,,,,,,-0.91,,,,,,,,,,,,,-0.91,,,,,,,,,,,,,,,,,,,,,,,,,,,,,,,,,,,,,,,,,,,,,,,,,,,
,,,,,,,,,,,-0.92,,,,,,,,,,,,,-0.92,,,,,,,,,,,,,,,,,,,,,,,,,,,,,,,,,,,,,,,,,,,,,,,,,,,
,,,,,,,,,,,-0.94,,,,,,,,,,,,,-0.94,,,,,,,,,,,,,,,,,,,,,,,,,,,,,,,,,,,,,,,,,,,,,,,,,,,
,,,,,,,,,,,-0.94,,,,,,,,,,,,,-0.94,,,,,,,,,,,,,,,,,,,,,,,,,,,,,,,,,,,,,,,,,,,,,,,,,,,
,,,,,,,,,,,-0.94,,,,,,,,,,,,,-0.94,,,,,,,,,,,,,,,,,,,,,,,,,,,,,,,,,,,,,,,,,,,,,,,,,,,
,,,,,,,,,,,-0.97,,,,,,,,,,,,,-0.97,,,,,,,,,,,,,,,,,,,,,,,,,,,,,,,,,,,,,,,,,,,,,,,,,,,
,,,,,,,,,,,-0.98,,,,,,,,,,,,,-0.98,,,,,,,,,,,,,,,,,,,,,,,,,,,,,,,,,,,,,,,,,,,,,,,,,,,
,,,,,,,,,,,-1,,,,,,,,,,,,,-1,,,,,,,,,,,,,,,,,,,,,,,,,,,,,,,,,,,,,,,,,,,,,,,,,,,
,,,,,,,,,,,-1.01,,,,,,,,,,,,,-1.01,,,,,,,,,,,,,,,,,,,,,,,,,,,,,,,,,,,,,,,,,,,,,,,,,,,
,,,,,,,,,,,-1.03,,,,,,,,,,,,,-1.03,,,,,,,,,,,,,,,,,,,,,,,,,,,,,,,,,,,,,,,,,,,,,,,,,,,
,,,,,,,,,,,-1.07,,,,,,,,,,,,,-1.07,,,,,,,,,,,,,,,,,,,,,,,,,,,,,,,,,,,,,,,,,,,,,,,,,,,
,,,,,,,,,,,-1.09,,,,,,,,,,,,,-1.09,,,,,,,,,,,,,,,,,,,,,,,,,,,,,,,,,,,,,,,,,,,,,,,,,,,
,,,,,,,,,,,-1.1,,,,,,,,,,,,,-1.1,,,,,,,,,,,,,,,,,,,,,,,,,,,,,,,,,,,,,,,,,,,,,,,,,,,
,,,,,,,,,,,-1.14,,,,,,,,,,,,,-1.14,,,,,,,,,,,,,,,,,,,,,,,,,,,,,,,,,,,,,,,,,,,,,,,,,,,
,,,,,,,,,,,-1.14,,,,,,,,,,,,,-1.14,,,,,,,,,,,,,,,,,,,,,,,,,,,,,,,,,,,,,,,,,,,,,,,,,,,
,,,,,,,,,,,-1.15,,,,,,,,,,,,,-1.15,,,,,,,,,,,,,,,,,,,,,,,,,,,,,,,,,,,,,,,,,,,,,,,,,,,
,,,,,,,,,,,-1.15,,,,,,,,,,,,,-1.15,,,,,,,,,,,,,,,,,,,,,,,,,,,,,,,,,,,,,,,,,,,,,,,,,,,
